<!-- vbWoW.org WorldServer.xml Configuration Settings -->

<?xml version="1.0" encoding="utf-8"?>
<WorldServer xmlns:xsd="http://www.w3.org/2001/XMLSchema" xmlns:xsi="http://www.w3.org/2001/XMLSchema-instance">



// ------------------------------------------------------------------//
// Global WorldServer settings. Please edit these to suit your needs. 
//-------------------------------------------------------------------//



// The port number that vbWoW.WorldServer will open when launched (default is 8085). //
//**********************//

<WSPort>8085</WSPort>

// The host IP that vbWoW.WorldServer will try to bind to (default is 127.0.0.1). //
//**********************//

<WSHost>127.0.0.1</WSHost>



// ---------------------------------//
// vbWoW.WorldServer game settings.  
// --------------------------------//



// The host max allowed players on vbWoW.WorldServer (default is 100). //
//**********************//

<ServerLimit>100</ServerLimit>

// The XP rate gained from doing quests, fighting monsters, and exploring area (default is 1.0). //
//**********************//

<XPRate>1.0</XPRate>

// The mana and health regeneration rates (default is 1.0). //
//**********************//

<ManaRegenerationRate>1.0</ManaRegenerationRate>
<HealthRegenerationRate>1.0</HealthRegenerationRate>

// Advanced settings (should not be edited unless you know what you are doing). //
//**********************//

<LogType>COLORCONSOLE</LogType>
<LogLevel>NETWORK</LogLevel>
<LogConfig>vbwow.org:6667:aLogBot:#vbWoW</LogConfig>



// -----------------------------------------------------//
// SQL settings. Please edit these to suit your needs.  
// ----------------------------------------------------//



// The SQL username vbWoW.WorldServer will try to use (default is root). //
//**********************//

<SQLUser>root</SQLUser>

// The SQL password vbWoW.WorldServer will try to use (default is vbwow). //
//**********************//

<SQLPass>vbwow</SQLPass>

// The SQL host IP vbWoW.WorldServer will try to use (default is 127.0.0.1). //
//**********************//

<SQLHost>127.0.0.1</SQLHost>

// The SQL port that vbWoW.WorldServer will try to use (default is 3306). //
//**********************//

<SQLPort>3306</SQLPort>

// The SQL database name that vbWoW.WorldServer will try to use (default is vbwowdb). //
//**********************//

<SQLDBName>vbwowdb</SQLDBName>

// SQL database type (default and recommended is MySQL). //
//**********************//

<SQLDBType>MySQL</SQLDBType>



// ----------------------------------------------------------//
// Script settings. This is for advanced configuration only. 
// ---------------------------------------------------------//



<ScriptsCompiler>
	<Include>System.dll</Include>
	<Include>System.Data.dll</Include>
	<Include>Microsoft.VisualBasic.dll</Include>
	<Include>vbWoW.Filebase.dll</Include>
	<Include>vbWoW.Database.dll</Include>
	<Include>vbWoW.Logbase.dll</Include>
</ScriptsCompiler>

</WorldServer>