<!-- vbWoW.org RealmServer.xml Configuration Settings -->

<?xml version="1.0" encoding="utf-8"?>
<RealmServer xmlns:xsd="http://www.w3.org/2001/XMLSchema" xmlns:xsi="http://www.w3.org/2001/XMLSchema-instance">



// ------------------------------------------------------------------//
// Global RealmServer settings. Please edit these to suit your needs. 
//-------------------------------------------------------------------//



// The port number that vbWoW.RealmServer will open when launched (default is 3724). //
//**********************//

<RSPort>3724</RSPort> 
	
// The host IP that vbWoW.RealmServer will try to bind to (default is 127.0.0.1). //
//**********************//

<RSHost>127.0.0.1</RSHost> 



// -----------------------------------------------------//
// SQL settings. Please edit these to suit your needs.  
// ----------------------------------------------------//



// The SQL username vbWoW.RealmServer will try to use (default is root). //
//**********************//

<SQLUser>root</SQLUser>

// The SQL password vbWoW.RealmServer will try to use (default is vbwow). //
//**********************//

<SQLPass>vbwow</SQLPass>

// The SQL host IP vbWoW.RealmServer will try to use (default is 127.0.0.1). //
//**********************//

<SQLHost>127.0.0.1</SQLHost>

// The SQL port that vbWoW.RealmServer will try to use (default is 3306). //
//**********************//

<SQLPort>3306</SQLPort>

// The SQL database name that vbWoW.RealmServer will try to use (default is vbwowdb). //
//**********************//

<SQLDBName>vbwowdb</SQLDBName>

// SQL database type (default and recommended is MySQL). //
//**********************//

<SQLDBType>MySQL</SQLDBType>

</RealmServer>