<?xml version="1.0" standalone="yes"?>
<Creature>
  <Creature>
    <Creature_ID>508</Creature_ID>
    <Name>Thief</Name>
    <Name1 />
    <Name2 />
    <Name3 />
    <Title />
    <Flags>0</Flags>
    <CreatureType>0</CreatureType>
    <CreatureFamily>0</CreatureFamily>
    <Script>WorldScripts.Living.Thief</Script>
  </Creature>
  <Creature>
    <Creature_ID>507</Creature_ID>
    <Name>Small Thief</Name>
    <Name1 />
    <Name2 />
    <Name3 />
    <Title />
    <Flags>0</Flags>
    <CreatureType>0</CreatureType>
    <CreatureFamily>0</CreatureFamily>
    <Script>WorldScripts.Living.SmallThief</Script>
  </Creature>
  <Creature>
    <Creature_ID>3</Creature_ID>
    <Name>dragon</Name>
    <Name1 />
    <Name2 />
    <Name3 />
    <Title />
    <Flags>0</Flags>
    <CreatureType>0</CreatureType>
    <CreatureFamily>0</CreatureFamily>
    <Script>WoWDaemon.World.UnitBase</Script>
  </Creature>
  <Creature>
    <Creature_ID>4</Creature_ID>
    <Name>horse</Name>
    <Name1 />
    <Name2 />
    <Name3 />
    <Title />
    <Flags>0</Flags>
    <CreatureType>0</CreatureType>
    <CreatureFamily>0</CreatureFamily>
    <Script>WoWDaemon.World.UnitBase</Script>
  </Creature>
  <Creature>
    <Creature_ID>5</Creature_ID>
    <Name>wolf</Name>
    <Name1 />
    <Name2 />
    <Name3 />
    <Title />
    <Flags>0</Flags>
    <CreatureType>0</CreatureType>
    <CreatureFamily>0</CreatureFamily>
    <Script>WoWDaemon.World.UnitBase</Script>
  </Creature>
  <Creature>
    <Creature_ID>6</Creature_ID>
    <Name>1</Name>
    <Name1 />
    <Name2 />
    <Name3 />
    <Title />
    <Flags>0</Flags>
    <CreatureType>0</CreatureType>
    <CreatureFamily>0</CreatureFamily>
    <Script>WoWDaemon.World.UnitBase</Script>
  </Creature>
  <Creature>
    <Creature_ID>7</Creature_ID>
    <Name>chicken</Name>
    <Name1 />
    <Name2 />
    <Name3 />
    <Title />
    <Flags>0</Flags>
    <CreatureType>0</CreatureType>
    <CreatureFamily>0</CreatureFamily>
    <Script>WorldScripts.World.UnitBase</Script>
  </Creature>
  <Creature>
    <Creature_ID>8</Creature_ID>
    <Name>cow</Name>
    <Name1 />
    <Name2 />
    <Name3 />
    <Title />
    <Flags>0</Flags>
    <CreatureType>0</CreatureType>
    <CreatureFamily>0</CreatureFamily>
    <Script>WoWDaemon.World.UnitBase</Script>
  </Creature>
  <Creature>
    <Creature_ID>9</Creature_ID>
    <Name>cat</Name>
    <Name1 />
    <Name2 />
    <Name3 />
    <Title />
    <Flags>0</Flags>
    <CreatureType>0</CreatureType>
    <CreatureFamily>0</CreatureFamily>
    <Script>WoWDaemon.World.UnitBase</Script>
  </Creature>
  <Creature>
    <Creature_ID>10</Creature_ID>
    <Name>KodoBeast</Name>
    <Name1 />
    <Name2 />
    <Name3 />
    <Title />
    <Flags>0</Flags>
    <CreatureType>0</CreatureType>
    <CreatureFamily>0</CreatureFamily>
    <Script>WorldScripts.Living.KodoBeast</Script>
  </Creature>
  <Creature>
    <Creature_ID>11</Creature_ID>
    <Name>Frog</Name>
    <Name1 />
    <Name2 />
    <Name3 />
    <Title />
    <Flags>0</Flags>
    <CreatureType>0</CreatureType>
    <CreatureFamily>0</CreatureFamily>
    <Script>WorldScripts.Living.Frog</Script>
  </Creature>
  <Creature>
    <Creature_ID>12</Creature_ID>
    <Name>Squirrel</Name>
    <Name1 />
    <Name2 />
    <Name3 />
    <Title />
    <Flags>0</Flags>
    <CreatureType>0</CreatureType>
    <CreatureFamily>0</CreatureFamily>
    <Script>WoWDaemon.World.UnitBase</Script>
  </Creature>
  <Creature>
    <Creature_ID>13</Creature_ID>
    <Name>White_Rabbit</Name>
    <Name1 />
    <Name2 />
    <Name3 />
    <Title />
    <Flags>0</Flags>
    <CreatureType>0</CreatureType>
    <CreatureFamily>0</CreatureFamily>
    <Script>WoWDaemon.World.UnitBase</Script>
  </Creature>
  <Creature>
    <Creature_ID>14</Creature_ID>
    <Name>Cockroach</Name>
    <Name1 />
    <Name2 />
    <Name3 />
    <Title />
    <Flags>0</Flags>
    <CreatureType>0</CreatureType>
    <CreatureFamily>0</CreatureFamily>
    <Script>WoWDaemon.World.UnitBase</Script>
  </Creature>
  <Creature>
    <Creature_ID>15</Creature_ID>
    <Name>Deer</Name>
    <Name1 />
    <Name2 />
    <Name3 />
    <Title />
    <Flags>0</Flags>
    <CreatureType>0</CreatureType>
    <CreatureFamily>0</CreatureFamily>
    <Script>WoWDaemon.World.UnitBase</Script>
  </Creature>
  <Creature>
    <Creature_ID>16</Creature_ID>
    <Name>Brown_Bear</Name>
    <Name1 />
    <Name2 />
    <Name3 />
    <Title />
    <Flags>0</Flags>
    <CreatureType>0</CreatureType>
    <CreatureFamily>0</CreatureFamily>
    <Script>WoWDaemon.World.UnitBase</Script>
  </Creature>
  <Creature>
    <Creature_ID>17</Creature_ID>
    <Name>Grey_Kodo_Beast</Name>
    <Name1 />
    <Name2 />
    <Name3 />
    <Title />
    <Flags>0</Flags>
    <CreatureType>0</CreatureType>
    <CreatureFamily>0</CreatureFamily>
    <Script>WoWDaemon.World.UnitBase</Script>
  </Creature>
  <Creature>
    <Creature_ID>18</Creature_ID>
    <Name>Brown_Kodo_Beast</Name>
    <Name1 />
    <Name2 />
    <Name3 />
    <Title />
    <Flags>0</Flags>
    <CreatureType>0</CreatureType>
    <CreatureFamily>0</CreatureFamily>
    <Script>WoWDaemon.World.UnitBase</Script>
  </Creature>
  <Creature>
    <Creature_ID>19</Creature_ID>
    <Name>Quillboar</Name>
    <Name1 />
    <Name2 />
    <Name3 />
    <Title />
    <Flags>0</Flags>
    <CreatureType>0</CreatureType>
    <CreatureFamily>0</CreatureFamily>
    <Script>WoWDaemon.World.UnitBase</Script>
  </Creature>
  <Creature>
    <Creature_ID>20</Creature_ID>
    <Name>Brown_Strider</Name>
    <Name1 />
    <Name2 />
    <Name3 />
    <Title />
    <Flags>0</Flags>
    <CreatureType>0</CreatureType>
    <CreatureFamily>0</CreatureFamily>
    <Script>WoWDaemon.World.UnitBase</Script>
  </Creature>
  <Creature>
    <Creature_ID>21</Creature_ID>
    <Name> Alpha_Wolf</Name>
    <Name1 />
    <Name2 />
    <Name3 />
    <Title />
    <Flags>0</Flags>
    <CreatureType>0</CreatureType>
    <CreatureFamily>0</CreatureFamily>
    <Script>WoWDaemon.World.UnitBase</Script>
  </Creature>
  <Creature>
    <Creature_ID>22</Creature_ID>
    <Name>Black_Wolf</Name>
    <Name1 />
    <Name2 />
    <Name3 />
    <Title />
    <Flags>0</Flags>
    <CreatureType>0</CreatureType>
    <CreatureFamily>0</CreatureFamily>
    <Script>WoWDaemon.World.UnitBase</Script>
  </Creature>
  <Creature>
    <Creature_ID>23</Creature_ID>
    <Name> Carrion_Bird</Name>
    <Name1 />
    <Name2 />
    <Name3 />
    <Title />
    <Flags>0</Flags>
    <CreatureType>0</CreatureType>
    <CreatureFamily>0</CreatureFamily>
    <Script>WoWDaemon.World.UnitBase</Script>
  </Creature>
  <Creature>
    <Creature_ID>24</Creature_ID>
    <Name>cown</Name>
    <Name1 />
    <Name2 />
    <Name3 />
    <Title />
    <Flags>0</Flags>
    <CreatureType>0</CreatureType>
    <CreatureFamily>0</CreatureFamily>
    <Script>WoWDaemon.World.UnitBase</Script>
  </Creature>
</Creature>