<?xml version="1.0" standalone="yes"?>
<ItemTemplate>
    <ItemTemplate>
        <ItemTemplate_ID>1</ItemTemplate_ID>
        <Class>2</Class>
        <SubClass>7</SubClass>
        <Name>Worn Shortsword</Name>
        <Name1>ITEM NAME2 UNSET!</Name1>
        <Name2>ITEM NAME2 UNSET!</Name2>
        <Name3>ITEM NAME3 UNSET!</Name3>
        <DisplayID>1553</DisplayID>
        <OverallQuality>0</OverallQuality>
        <Flags>0</Flags>
        <BuyPrice>0</BuyPrice>
        <SellPrice>7</SellPrice>
        <InvType>21</InvType>
        <AllowableClass>0</AllowableClass>
        <AllowableRace>0</AllowableRace>
        <ItemLevel>0</ItemLevel>
        <ReqLevel>0</ReqLevel>
        <ReqSkill>0</ReqSkill>
        <MinReqSkill>0</MinReqSkill>
        <ItemUnique>0</ItemUnique>
        <MaxStack>0</MaxStack>
        <ContainerSlots>0</ContainerSlots>
        <ItemBonus_0.Stat>0</ItemBonus_0.Stat>
        <ItemBonus_0.Bonus>0</ItemBonus_0.Bonus>
        <ItemBonus_1.Stat>0</ItemBonus_1.Stat>
        <ItemBonus_1.Bonus>0</ItemBonus_1.Bonus>
        <ItemBonus_2.Stat>0</ItemBonus_2.Stat>
        <ItemBonus_2.Bonus>0</ItemBonus_2.Bonus>
        <ItemBonus_3.Stat>0</ItemBonus_3.Stat>
        <ItemBonus_3.Bonus>0</ItemBonus_3.Bonus>
        <ItemBonus_4.Stat>0</ItemBonus_4.Stat>
        <ItemBonus_4.Bonus>0</ItemBonus_4.Bonus>
        <ItemBonus_5.Stat>0</ItemBonus_5.Stat>
        <ItemBonus_5.Bonus>0</ItemBonus_5.Bonus>
        <ItemBonus_6.Stat>0</ItemBonus_6.Stat>
        <ItemBonus_6.Bonus>0</ItemBonus_6.Bonus>
        <ItemBonus_7.Stat>0</ItemBonus_7.Stat>
        <ItemBonus_7.Bonus>0</ItemBonus_7.Bonus>
        <ItemBonus_8.Stat>0</ItemBonus_8.Stat>
        <ItemBonus_8.Bonus>0</ItemBonus_8.Bonus>
        <ItemBonus_9.Stat>0</ItemBonus_9.Stat>
        <ItemBonus_9.Bonus>0</ItemBonus_9.Bonus>
        <DamageStat_0.Min>2</DamageStat_0.Min>
        <DamageStat_0.Max>5</DamageStat_0.Max>
        <DamageStat_0.Type>1</DamageStat_0.Type>
        <DamageStat_1.Min>0</DamageStat_1.Min>
        <DamageStat_1.Max>0</DamageStat_1.Max>
        <DamageStat_1.Type>0</DamageStat_1.Type>
        <DamageStat_2.Min>0</DamageStat_2.Min>
        <DamageStat_2.Max>0</DamageStat_2.Max>
        <DamageStat_2.Type>0</DamageStat_2.Type>
        <DamageStat_3.Min>0</DamageStat_3.Min>
        <DamageStat_3.Max>0</DamageStat_3.Max>
        <DamageStat_3.Type>0</DamageStat_3.Type>
        <DamageStat_4.Min>0</DamageStat_4.Min>
        <DamageStat_4.Max>0</DamageStat_4.Max>
        <DamageStat_4.Type>0</DamageStat_4.Type>
        <Resistance.Physical>0</Resistance.Physical>
        <Resistance.Holy>0</Resistance.Holy>
        <Resistance.Fire>0</Resistance.Fire>
        <Resistance.Nature>0</Resistance.Nature>
        <Resistance.Frost>0</Resistance.Frost>
        <Resistance.Shadow>0</Resistance.Shadow>
        <WeaponSpeed>2</WeaponSpeed>
        <AmmoType>0</AmmoType>
        <MaxDurability>0</MaxDurability>
        <SpellStat_0.ID>0</SpellStat_0.ID>
        <SpellStat_0.Trigger>0</SpellStat_0.Trigger>
        <SpellStat_0.Charges>0</SpellStat_0.Charges>
        <SpellStat_0.Cooldown>0</SpellStat_0.Cooldown>
        <SpellStat_0.Category>0</SpellStat_0.Category>
        <SpellStat_0.CategoryCooldown>0</SpellStat_0.CategoryCooldown>
        <SpellStat_1.ID>0</SpellStat_1.ID>
        <SpellStat_1.Trigger>0</SpellStat_1.Trigger>
        <SpellStat_1.Charges>0</SpellStat_1.Charges>
        <SpellStat_1.Cooldown>0</SpellStat_1.Cooldown>
        <SpellStat_1.Category>0</SpellStat_1.Category>
        <SpellStat_1.CategoryCooldown>0</SpellStat_1.CategoryCooldown>
        <SpellStat_2.ID>0</SpellStat_2.ID>
        <SpellStat_2.Trigger>0</SpellStat_2.Trigger>
        <SpellStat_2.Charges>0</SpellStat_2.Charges>
        <SpellStat_2.Cooldown>0</SpellStat_2.Cooldown>
        <SpellStat_2.Category>0</SpellStat_2.Category>
        <SpellStat_2.CategoryCooldown>0</SpellStat_2.CategoryCooldown>
        <SpellStat_3.ID>0</SpellStat_3.ID>
        <SpellStat_3.Trigger>0</SpellStat_3.Trigger>
        <SpellStat_3.Charges>0</SpellStat_3.Charges>
        <SpellStat_3.Cooldown>0</SpellStat_3.Cooldown>
        <SpellStat_3.Category>0</SpellStat_3.Category>
        <SpellStat_3.CategoryCooldown>0</SpellStat_3.CategoryCooldown>
        <SpellStat_4.ID>0</SpellStat_4.ID>
        <SpellStat_4.Trigger>0</SpellStat_4.Trigger>
        <SpellStat_4.Charges>0</SpellStat_4.Charges>
        <SpellStat_4.Cooldown>0</SpellStat_4.Cooldown>
        <SpellStat_4.Category>0</SpellStat_4.Category>
        <SpellStat_4.CategoryCooldown>0</SpellStat_4.CategoryCooldown>
        <Bonding>0</Bonding>
        <Description />
        <PageText>0</PageText>
        <LanguageID>0</LanguageID>
        <PageMaterial>0</PageMaterial>
        <StartQuest>0</StartQuest>
        <Lock>0</Lock>
        <Material>0</Material>
        <SheatheType>0</SheatheType>
        <Unknown1>0</Unknown1>
        <Unknown2>0</Unknown2>
    </ItemTemplate>
    <ItemTemplate>
        <ItemTemplate_ID>2</ItemTemplate_ID>
        <Class>4</Class>
        <SubClass>2</SubClass>
        <Name>Leather Chest</Name>
        <Name1>ITEM NAME1 UNSET!</Name1>
        <Name2>ITEM NAME2 UNSET!</Name2>
        <Name3>ITEM NAME3 UNSET!</Name3>
        <DisplayID>8647</DisplayID>
        <OverallQuality>0</OverallQuality>
        <Flags>0</Flags>
        <BuyPrice>0</BuyPrice>
        <SellPrice>0</SellPrice>
        <InvType>5</InvType>
        <AllowableClass>0</AllowableClass>
        <AllowableRace>0</AllowableRace>
        <ItemLevel>0</ItemLevel>
        <ReqLevel>0</ReqLevel>
        <ReqSkill>0</ReqSkill>
        <MinReqSkill>0</MinReqSkill>
        <ItemUnique>0</ItemUnique>
        <MaxStack>0</MaxStack>
        <ContainerSlots>6</ContainerSlots>
        <ItemBonus_0.Stat>0</ItemBonus_0.Stat>
        <ItemBonus_0.Bonus>0</ItemBonus_0.Bonus>
        <ItemBonus_1.Stat>0</ItemBonus_1.Stat>
        <ItemBonus_1.Bonus>0</ItemBonus_1.Bonus>
        <ItemBonus_2.Stat>0</ItemBonus_2.Stat>
        <ItemBonus_2.Bonus>0</ItemBonus_2.Bonus>
        <ItemBonus_3.Stat>0</ItemBonus_3.Stat>
        <ItemBonus_3.Bonus>0</ItemBonus_3.Bonus>
        <ItemBonus_4.Stat>0</ItemBonus_4.Stat>
        <ItemBonus_4.Bonus>0</ItemBonus_4.Bonus>
        <ItemBonus_5.Stat>0</ItemBonus_5.Stat>
        <ItemBonus_5.Bonus>0</ItemBonus_5.Bonus>
        <ItemBonus_6.Stat>0</ItemBonus_6.Stat>
        <ItemBonus_6.Bonus>0</ItemBonus_6.Bonus>
        <ItemBonus_7.Stat>0</ItemBonus_7.Stat>
        <ItemBonus_7.Bonus>0</ItemBonus_7.Bonus>
        <ItemBonus_8.Stat>0</ItemBonus_8.Stat>
        <ItemBonus_8.Bonus>0</ItemBonus_8.Bonus>
        <ItemBonus_9.Stat>0</ItemBonus_9.Stat>
        <ItemBonus_9.Bonus>0</ItemBonus_9.Bonus>
        <DamageStat_0.Min>25</DamageStat_0.Min>
        <DamageStat_0.Max>50</DamageStat_0.Max>
        <DamageStat_0.Type>1</DamageStat_0.Type>
        <DamageStat_1.Min>0</DamageStat_1.Min>
        <DamageStat_1.Max>0</DamageStat_1.Max>
        <DamageStat_1.Type>0</DamageStat_1.Type>
        <DamageStat_2.Min>0</DamageStat_2.Min>
        <DamageStat_2.Max>0</DamageStat_2.Max>
        <DamageStat_2.Type>0</DamageStat_2.Type>
        <DamageStat_3.Min>0</DamageStat_3.Min>
        <DamageStat_3.Max>0</DamageStat_3.Max>
        <DamageStat_3.Type>0</DamageStat_3.Type>
        <DamageStat_4.Min>0</DamageStat_4.Min>
        <DamageStat_4.Max>0</DamageStat_4.Max>
        <DamageStat_4.Type>0</DamageStat_4.Type>
        <Resistance.Physical>0</Resistance.Physical>
        <Resistance.Holy>0</Resistance.Holy>
        <Resistance.Fire>0</Resistance.Fire>
        <Resistance.Nature>0</Resistance.Nature>
        <Resistance.Frost>0</Resistance.Frost>
        <Resistance.Shadow>0</Resistance.Shadow>
        <WeaponSpeed>0</WeaponSpeed>
        <AmmoType>0</AmmoType>
        <MaxDurability>0</MaxDurability>
        <SpellStat_0.ID>0</SpellStat_0.ID>
        <SpellStat_0.Trigger>0</SpellStat_0.Trigger>
        <SpellStat_0.Charges>0</SpellStat_0.Charges>
        <SpellStat_0.Cooldown>0</SpellStat_0.Cooldown>
        <SpellStat_0.Category>0</SpellStat_0.Category>
        <SpellStat_0.CategoryCooldown>0</SpellStat_0.CategoryCooldown>
        <SpellStat_1.ID>0</SpellStat_1.ID>
        <SpellStat_1.Trigger>0</SpellStat_1.Trigger>
        <SpellStat_1.Charges>0</SpellStat_1.Charges>
        <SpellStat_1.Cooldown>0</SpellStat_1.Cooldown>
        <SpellStat_1.Category>0</SpellStat_1.Category>
        <SpellStat_1.CategoryCooldown>0</SpellStat_1.CategoryCooldown>
        <SpellStat_2.ID>0</SpellStat_2.ID>
        <SpellStat_2.Trigger>0</SpellStat_2.Trigger>
        <SpellStat_2.Charges>0</SpellStat_2.Charges>
        <SpellStat_2.Cooldown>0</SpellStat_2.Cooldown>
        <SpellStat_2.Category>0</SpellStat_2.Category>
        <SpellStat_2.CategoryCooldown>0</SpellStat_2.CategoryCooldown>
        <SpellStat_3.ID>0</SpellStat_3.ID>
        <SpellStat_3.Trigger>0</SpellStat_3.Trigger>
        <SpellStat_3.Charges>0</SpellStat_3.Charges>
        <SpellStat_3.Cooldown>0</SpellStat_3.Cooldown>
        <SpellStat_3.Category>0</SpellStat_3.Category>
        <SpellStat_3.CategoryCooldown>0</SpellStat_3.CategoryCooldown>
        <SpellStat_4.ID>0</SpellStat_4.ID>
        <SpellStat_4.Trigger>0</SpellStat_4.Trigger>
        <SpellStat_4.Charges>0</SpellStat_4.Charges>
        <SpellStat_4.Cooldown>0</SpellStat_4.Cooldown>
        <SpellStat_4.Category>0</SpellStat_4.Category>
        <SpellStat_4.CategoryCooldown>0</SpellStat_4.CategoryCooldown>
        <Bonding>0</Bonding>
        <Description />
        <PageText>0</PageText>
        <LanguageID>0</LanguageID>
        <PageMaterial>0</PageMaterial>
        <StartQuest>0</StartQuest>
        <Lock>0</Lock>
        <Material>0</Material>
        <SheatheType>0</SheatheType>
        <Unknown1>0</Unknown1>
        <Unknown2>0</Unknown2>
    </ItemTemplate>
    <ItemTemplate>
        <ItemTemplate_ID>3</ItemTemplate_ID>
        <Class>4</Class>
        <SubClass>2</SubClass>
        <Name>Brown Leather Pants</Name>
        <Name1>ITEM NAME1 UNSET!</Name1>
        <Name2>ITEM NAME2 UNSET!</Name2>
        <Name3>ITEM NAME3 UNSET!</Name3>
        <DisplayID>4312</DisplayID>
        <OverallQuality>1</OverallQuality>
        <Flags>0</Flags>
        <BuyPrice>0</BuyPrice>
        <SellPrice>0</SellPrice>
        <InvType>7</InvType>
        <AllowableClass>0</AllowableClass>
        <AllowableRace>0</AllowableRace>
        <ItemLevel>0</ItemLevel>
        <ReqLevel>0</ReqLevel>
        <ReqSkill>0</ReqSkill>
        <MinReqSkill>0</MinReqSkill>
        <ItemUnique>0</ItemUnique>
        <MaxStack>0</MaxStack>
        <ContainerSlots>0</ContainerSlots>
        <ItemBonus_0.Stat>0</ItemBonus_0.Stat>
        <ItemBonus_0.Bonus>0</ItemBonus_0.Bonus>
        <ItemBonus_1.Stat>0</ItemBonus_1.Stat>
        <ItemBonus_1.Bonus>0</ItemBonus_1.Bonus>
        <ItemBonus_2.Stat>0</ItemBonus_2.Stat>
        <ItemBonus_2.Bonus>0</ItemBonus_2.Bonus>
        <ItemBonus_3.Stat>0</ItemBonus_3.Stat>
        <ItemBonus_3.Bonus>0</ItemBonus_3.Bonus>
        <ItemBonus_4.Stat>0</ItemBonus_4.Stat>
        <ItemBonus_4.Bonus>0</ItemBonus_4.Bonus>
        <ItemBonus_5.Stat>0</ItemBonus_5.Stat>
        <ItemBonus_5.Bonus>0</ItemBonus_5.Bonus>
        <ItemBonus_6.Stat>0</ItemBonus_6.Stat>
        <ItemBonus_6.Bonus>0</ItemBonus_6.Bonus>
        <ItemBonus_7.Stat>0</ItemBonus_7.Stat>
        <ItemBonus_7.Bonus>0</ItemBonus_7.Bonus>
        <ItemBonus_8.Stat>0</ItemBonus_8.Stat>
        <ItemBonus_8.Bonus>0</ItemBonus_8.Bonus>
        <ItemBonus_9.Stat>0</ItemBonus_9.Stat>
        <ItemBonus_9.Bonus>0</ItemBonus_9.Bonus>
        <DamageStat_0.Min>25</DamageStat_0.Min>
        <DamageStat_0.Max>50</DamageStat_0.Max>
        <DamageStat_0.Type>1</DamageStat_0.Type>
        <DamageStat_1.Min>0</DamageStat_1.Min>
        <DamageStat_1.Max>0</DamageStat_1.Max>
        <DamageStat_1.Type>0</DamageStat_1.Type>
        <DamageStat_2.Min>0</DamageStat_2.Min>
        <DamageStat_2.Max>0</DamageStat_2.Max>
        <DamageStat_2.Type>0</DamageStat_2.Type>
        <DamageStat_3.Min>0</DamageStat_3.Min>
        <DamageStat_3.Max>0</DamageStat_3.Max>
        <DamageStat_3.Type>0</DamageStat_3.Type>
        <DamageStat_4.Min>0</DamageStat_4.Min>
        <DamageStat_4.Max>0</DamageStat_4.Max>
        <DamageStat_4.Type>0</DamageStat_4.Type>
        <Resistance.Physical>0</Resistance.Physical>
        <Resistance.Holy>0</Resistance.Holy>
        <Resistance.Fire>0</Resistance.Fire>
        <Resistance.Nature>0</Resistance.Nature>
        <Resistance.Frost>0</Resistance.Frost>
        <Resistance.Shadow>0</Resistance.Shadow>
        <WeaponSpeed>0</WeaponSpeed>
        <AmmoType>0</AmmoType>
        <MaxDurability>0</MaxDurability>
        <SpellStat_0.ID>0</SpellStat_0.ID>
        <SpellStat_0.Trigger>0</SpellStat_0.Trigger>
        <SpellStat_0.Charges>0</SpellStat_0.Charges>
        <SpellStat_0.Cooldown>0</SpellStat_0.Cooldown>
        <SpellStat_0.Category>0</SpellStat_0.Category>
        <SpellStat_0.CategoryCooldown>0</SpellStat_0.CategoryCooldown>
        <SpellStat_1.ID>0</SpellStat_1.ID>
        <SpellStat_1.Trigger>0</SpellStat_1.Trigger>
        <SpellStat_1.Charges>0</SpellStat_1.Charges>
        <SpellStat_1.Cooldown>0</SpellStat_1.Cooldown>
        <SpellStat_1.Category>0</SpellStat_1.Category>
        <SpellStat_1.CategoryCooldown>0</SpellStat_1.CategoryCooldown>
        <SpellStat_2.ID>0</SpellStat_2.ID>
        <SpellStat_2.Trigger>0</SpellStat_2.Trigger>
        <SpellStat_2.Charges>0</SpellStat_2.Charges>
        <SpellStat_2.Cooldown>0</SpellStat_2.Cooldown>
        <SpellStat_2.Category>0</SpellStat_2.Category>
        <SpellStat_2.CategoryCooldown>0</SpellStat_2.CategoryCooldown>
        <SpellStat_3.ID>0</SpellStat_3.ID>
        <SpellStat_3.Trigger>0</SpellStat_3.Trigger>
        <SpellStat_3.Charges>0</SpellStat_3.Charges>
        <SpellStat_3.Cooldown>0</SpellStat_3.Cooldown>
        <SpellStat_3.Category>0</SpellStat_3.Category>
        <SpellStat_3.CategoryCooldown>0</SpellStat_3.CategoryCooldown>
        <SpellStat_4.ID>0</SpellStat_4.ID>
        <SpellStat_4.Trigger>0</SpellStat_4.Trigger>
        <SpellStat_4.Charges>0</SpellStat_4.Charges>
        <SpellStat_4.Cooldown>0</SpellStat_4.Cooldown>
        <SpellStat_4.Category>0</SpellStat_4.Category>
        <SpellStat_4.CategoryCooldown>0</SpellStat_4.CategoryCooldown>
        <Bonding>0</Bonding>
        <Description />
        <PageText>0</PageText>
        <LanguageID>0</LanguageID>
        <PageMaterial>0</PageMaterial>
        <StartQuest>0</StartQuest>
        <Lock>0</Lock>
        <Material>0</Material>
        <SheatheType>0</SheatheType>
        <Unknown1>0</Unknown1>
        <Unknown2>0</Unknown2>
    </ItemTemplate>
    <ItemTemplate>
        <ItemTemplate_ID>4</ItemTemplate_ID>
        <Class>4</Class>
        <SubClass>2</SubClass>
        <Name>Brown Leather Boots</Name>
        <Name1>ITEM NAME1 UNSET!</Name1>
        <Name2>ITEM NAME2 UNSET!</Name2>
        <Name3>ITEM NAME3 UNSET!</Name3>
        <DisplayID>945</DisplayID>
        <OverallQuality>1</OverallQuality>
        <Flags>0</Flags>
        <BuyPrice>0</BuyPrice>
        <SellPrice>0</SellPrice>
        <InvType>8</InvType>
        <AllowableClass>0</AllowableClass>
        <AllowableRace>0</AllowableRace>
        <ItemLevel>0</ItemLevel>
        <ReqLevel>0</ReqLevel>
        <ReqSkill>0</ReqSkill>
        <MinReqSkill>0</MinReqSkill>
        <ItemUnique>0</ItemUnique>
        <MaxStack>0</MaxStack>
        <ContainerSlots>0</ContainerSlots>
        <ItemBonus_0.Stat>0</ItemBonus_0.Stat>
        <ItemBonus_0.Bonus>0</ItemBonus_0.Bonus>
        <ItemBonus_1.Stat>0</ItemBonus_1.Stat>
        <ItemBonus_1.Bonus>0</ItemBonus_1.Bonus>
        <ItemBonus_2.Stat>0</ItemBonus_2.Stat>
        <ItemBonus_2.Bonus>0</ItemBonus_2.Bonus>
        <ItemBonus_3.Stat>0</ItemBonus_3.Stat>
        <ItemBonus_3.Bonus>0</ItemBonus_3.Bonus>
        <ItemBonus_4.Stat>0</ItemBonus_4.Stat>
        <ItemBonus_4.Bonus>0</ItemBonus_4.Bonus>
        <ItemBonus_5.Stat>0</ItemBonus_5.Stat>
        <ItemBonus_5.Bonus>0</ItemBonus_5.Bonus>
        <ItemBonus_6.Stat>0</ItemBonus_6.Stat>
        <ItemBonus_6.Bonus>0</ItemBonus_6.Bonus>
        <ItemBonus_7.Stat>0</ItemBonus_7.Stat>
        <ItemBonus_7.Bonus>0</ItemBonus_7.Bonus>
        <ItemBonus_8.Stat>0</ItemBonus_8.Stat>
        <ItemBonus_8.Bonus>0</ItemBonus_8.Bonus>
        <ItemBonus_9.Stat>0</ItemBonus_9.Stat>
        <ItemBonus_9.Bonus>0</ItemBonus_9.Bonus>
        <DamageStat_0.Min>25</DamageStat_0.Min>
        <DamageStat_0.Max>50</DamageStat_0.Max>
        <DamageStat_0.Type>1</DamageStat_0.Type>
        <DamageStat_1.Min>0</DamageStat_1.Min>
        <DamageStat_1.Max>0</DamageStat_1.Max>
        <DamageStat_1.Type>0</DamageStat_1.Type>
        <DamageStat_2.Min>0</DamageStat_2.Min>
        <DamageStat_2.Max>0</DamageStat_2.Max>
        <DamageStat_2.Type>0</DamageStat_2.Type>
        <DamageStat_3.Min>0</DamageStat_3.Min>
        <DamageStat_3.Max>0</DamageStat_3.Max>
        <DamageStat_3.Type>0</DamageStat_3.Type>
        <DamageStat_4.Min>0</DamageStat_4.Min>
        <DamageStat_4.Max>0</DamageStat_4.Max>
        <DamageStat_4.Type>0</DamageStat_4.Type>
        <Resistance.Physical>0</Resistance.Physical>
        <Resistance.Holy>0</Resistance.Holy>
        <Resistance.Fire>0</Resistance.Fire>
        <Resistance.Nature>0</Resistance.Nature>
        <Resistance.Frost>0</Resistance.Frost>
        <Resistance.Shadow>0</Resistance.Shadow>
        <WeaponSpeed>0</WeaponSpeed>
        <AmmoType>0</AmmoType>
        <MaxDurability>0</MaxDurability>
        <SpellStat_0.ID>0</SpellStat_0.ID>
        <SpellStat_0.Trigger>0</SpellStat_0.Trigger>
        <SpellStat_0.Charges>0</SpellStat_0.Charges>
        <SpellStat_0.Cooldown>0</SpellStat_0.Cooldown>
        <SpellStat_0.Category>0</SpellStat_0.Category>
        <SpellStat_0.CategoryCooldown>0</SpellStat_0.CategoryCooldown>
        <SpellStat_1.ID>0</SpellStat_1.ID>
        <SpellStat_1.Trigger>0</SpellStat_1.Trigger>
        <SpellStat_1.Charges>0</SpellStat_1.Charges>
        <SpellStat_1.Cooldown>0</SpellStat_1.Cooldown>
        <SpellStat_1.Category>0</SpellStat_1.Category>
        <SpellStat_1.CategoryCooldown>0</SpellStat_1.CategoryCooldown>
        <SpellStat_2.ID>0</SpellStat_2.ID>
        <SpellStat_2.Trigger>0</SpellStat_2.Trigger>
        <SpellStat_2.Charges>0</SpellStat_2.Charges>
        <SpellStat_2.Cooldown>0</SpellStat_2.Cooldown>
        <SpellStat_2.Category>0</SpellStat_2.Category>
        <SpellStat_2.CategoryCooldown>0</SpellStat_2.CategoryCooldown>
        <SpellStat_3.ID>0</SpellStat_3.ID>
        <SpellStat_3.Trigger>0</SpellStat_3.Trigger>
        <SpellStat_3.Charges>0</SpellStat_3.Charges>
        <SpellStat_3.Cooldown>0</SpellStat_3.Cooldown>
        <SpellStat_3.Category>0</SpellStat_3.Category>
        <SpellStat_3.CategoryCooldown>0</SpellStat_3.CategoryCooldown>
        <SpellStat_4.ID>0</SpellStat_4.ID>
        <SpellStat_4.Trigger>0</SpellStat_4.Trigger>
        <SpellStat_4.Charges>0</SpellStat_4.Charges>
        <SpellStat_4.Cooldown>0</SpellStat_4.Cooldown>
        <SpellStat_4.Category>0</SpellStat_4.Category>
        <SpellStat_4.CategoryCooldown>0</SpellStat_4.CategoryCooldown>
        <Bonding>0</Bonding>
        <Description />
        <PageText>0</PageText>
        <LanguageID>0</LanguageID>
        <PageMaterial>0</PageMaterial>
        <StartQuest>0</StartQuest>
        <Lock>0</Lock>
        <Material>0</Material>
        <SheatheType>0</SheatheType>
        <Unknown1>0</Unknown1>
        <Unknown2>0</Unknown2>
    </ItemTemplate>
    <ItemTemplate>
        <ItemTemplate_ID>5</ItemTemplate_ID>
        <Class>4</Class>
        <SubClass>5</SubClass>
        <Name>Buckler</Name>
        <Name1>ITEM NAME1 UNSET!</Name1>
        <Name2>ITEM NAME2 UNSET!</Name2>
        <Name3>ITEM NAME3 UNSET!</Name3>
        <DisplayID>2208</DisplayID>
        <OverallQuality>1</OverallQuality>
        <Flags>0</Flags>
        <BuyPrice>0</BuyPrice>
        <SellPrice>0</SellPrice>
        <InvType>14</InvType>
        <AllowableClass>0</AllowableClass>
        <AllowableRace>0</AllowableRace>
        <ItemLevel>0</ItemLevel>
        <ReqLevel>0</ReqLevel>
        <ReqSkill>0</ReqSkill>
        <MinReqSkill>0</MinReqSkill>
        <ItemUnique>0</ItemUnique>
        <MaxStack>0</MaxStack>
        <ContainerSlots>0</ContainerSlots>
        <ItemBonus_0.Stat>0</ItemBonus_0.Stat>
        <ItemBonus_0.Bonus>0</ItemBonus_0.Bonus>
        <ItemBonus_1.Stat>0</ItemBonus_1.Stat>
        <ItemBonus_1.Bonus>0</ItemBonus_1.Bonus>
        <ItemBonus_2.Stat>0</ItemBonus_2.Stat>
        <ItemBonus_2.Bonus>0</ItemBonus_2.Bonus>
        <ItemBonus_3.Stat>0</ItemBonus_3.Stat>
        <ItemBonus_3.Bonus>0</ItemBonus_3.Bonus>
        <ItemBonus_4.Stat>0</ItemBonus_4.Stat>
        <ItemBonus_4.Bonus>0</ItemBonus_4.Bonus>
        <ItemBonus_5.Stat>0</ItemBonus_5.Stat>
        <ItemBonus_5.Bonus>0</ItemBonus_5.Bonus>
        <ItemBonus_6.Stat>0</ItemBonus_6.Stat>
        <ItemBonus_6.Bonus>0</ItemBonus_6.Bonus>
        <ItemBonus_7.Stat>0</ItemBonus_7.Stat>
        <ItemBonus_7.Bonus>0</ItemBonus_7.Bonus>
        <ItemBonus_8.Stat>0</ItemBonus_8.Stat>
        <ItemBonus_8.Bonus>0</ItemBonus_8.Bonus>
        <ItemBonus_9.Stat>0</ItemBonus_9.Stat>
        <ItemBonus_9.Bonus>0</ItemBonus_9.Bonus>
        <DamageStat_0.Min>25</DamageStat_0.Min>
        <DamageStat_0.Max>50</DamageStat_0.Max>
        <DamageStat_0.Type>1</DamageStat_0.Type>
        <DamageStat_1.Min>0</DamageStat_1.Min>
        <DamageStat_1.Max>0</DamageStat_1.Max>
        <DamageStat_1.Type>0</DamageStat_1.Type>
        <DamageStat_2.Min>0</DamageStat_2.Min>
        <DamageStat_2.Max>0</DamageStat_2.Max>
        <DamageStat_2.Type>0</DamageStat_2.Type>
        <DamageStat_3.Min>0</DamageStat_3.Min>
        <DamageStat_3.Max>0</DamageStat_3.Max>
        <DamageStat_3.Type>0</DamageStat_3.Type>
        <DamageStat_4.Min>0</DamageStat_4.Min>
        <DamageStat_4.Max>0</DamageStat_4.Max>
        <DamageStat_4.Type>0</DamageStat_4.Type>
        <Resistance.Physical>0</Resistance.Physical>
        <Resistance.Holy>0</Resistance.Holy>
        <Resistance.Fire>0</Resistance.Fire>
        <Resistance.Nature>0</Resistance.Nature>
        <Resistance.Frost>0</Resistance.Frost>
        <Resistance.Shadow>0</Resistance.Shadow>
        <WeaponSpeed>0</WeaponSpeed>
        <AmmoType>0</AmmoType>
        <MaxDurability>0</MaxDurability>
        <SpellStat_0.ID>0</SpellStat_0.ID>
        <SpellStat_0.Trigger>0</SpellStat_0.Trigger>
        <SpellStat_0.Charges>0</SpellStat_0.Charges>
        <SpellStat_0.Cooldown>0</SpellStat_0.Cooldown>
        <SpellStat_0.Category>0</SpellStat_0.Category>
        <SpellStat_0.CategoryCooldown>0</SpellStat_0.CategoryCooldown>
        <SpellStat_1.ID>0</SpellStat_1.ID>
        <SpellStat_1.Trigger>0</SpellStat_1.Trigger>
        <SpellStat_1.Charges>0</SpellStat_1.Charges>
        <SpellStat_1.Cooldown>0</SpellStat_1.Cooldown>
        <SpellStat_1.Category>0</SpellStat_1.Category>
        <SpellStat_1.CategoryCooldown>0</SpellStat_1.CategoryCooldown>
        <SpellStat_2.ID>0</SpellStat_2.ID>
        <SpellStat_2.Trigger>0</SpellStat_2.Trigger>
        <SpellStat_2.Charges>0</SpellStat_2.Charges>
        <SpellStat_2.Cooldown>0</SpellStat_2.Cooldown>
        <SpellStat_2.Category>0</SpellStat_2.Category>
        <SpellStat_2.CategoryCooldown>0</SpellStat_2.CategoryCooldown>
        <SpellStat_3.ID>0</SpellStat_3.ID>
        <SpellStat_3.Trigger>0</SpellStat_3.Trigger>
        <SpellStat_3.Charges>0</SpellStat_3.Charges>
        <SpellStat_3.Cooldown>0</SpellStat_3.Cooldown>
        <SpellStat_3.Category>0</SpellStat_3.Category>
        <SpellStat_3.CategoryCooldown>0</SpellStat_3.CategoryCooldown>
        <SpellStat_4.ID>0</SpellStat_4.ID>
        <SpellStat_4.Trigger>0</SpellStat_4.Trigger>
        <SpellStat_4.Charges>0</SpellStat_4.Charges>
        <SpellStat_4.Cooldown>0</SpellStat_4.Cooldown>
        <SpellStat_4.Category>0</SpellStat_4.Category>
        <SpellStat_4.CategoryCooldown>0</SpellStat_4.CategoryCooldown>
        <Bonding>0</Bonding>
        <Description />
        <PageText>0</PageText>
        <LanguageID>0</LanguageID>
        <PageMaterial>0</PageMaterial>
        <StartQuest>0</StartQuest>
        <Lock>0</Lock>
        <Material>0</Material>
        <SheatheType>0</SheatheType>
        <Unknown1>0</Unknown1>
        <Unknown2>0</Unknown2>
    </ItemTemplate>
    <ItemTemplate>
        <ItemTemplate_ID>11</ItemTemplate_ID>
        <Class>2</Class>
        <SubClass>19</SubClass>
        <Name>Short Gnarled Staff</Name>
        <Name1>ITEM NAME2 UNSET!</Name1>
        <Name2>ITEM NAME2 UNSET!</Name2>
        <Name3>ITEM NAME3 UNSET!</Name3>
        <DisplayID>5108</DisplayID>
        <OverallQuality>1</OverallQuality>
        <Flags>0</Flags>
        <BuyPrice>0</BuyPrice>
        <SellPrice>0</SellPrice>
        <InvType>21</InvType>
        <AllowableClass>0</AllowableClass>
        <AllowableRace>0</AllowableRace>
        <ItemLevel>0</ItemLevel>
        <ReqLevel>0</ReqLevel>
        <ReqSkill>0</ReqSkill>
        <MinReqSkill>0</MinReqSkill>
        <ItemUnique>0</ItemUnique>
        <MaxStack>0</MaxStack>
        <ContainerSlots>0</ContainerSlots>
        <ItemBonus_0.Stat>0</ItemBonus_0.Stat>
        <ItemBonus_0.Bonus>0</ItemBonus_0.Bonus>
        <ItemBonus_1.Stat>0</ItemBonus_1.Stat>
        <ItemBonus_1.Bonus>0</ItemBonus_1.Bonus>
        <ItemBonus_2.Stat>0</ItemBonus_2.Stat>
        <ItemBonus_2.Bonus>0</ItemBonus_2.Bonus>
        <ItemBonus_3.Stat>0</ItemBonus_3.Stat>
        <ItemBonus_3.Bonus>0</ItemBonus_3.Bonus>
        <ItemBonus_4.Stat>0</ItemBonus_4.Stat>
        <ItemBonus_4.Bonus>0</ItemBonus_4.Bonus>
        <ItemBonus_5.Stat>0</ItemBonus_5.Stat>
        <ItemBonus_5.Bonus>0</ItemBonus_5.Bonus>
        <ItemBonus_6.Stat>0</ItemBonus_6.Stat>
        <ItemBonus_6.Bonus>0</ItemBonus_6.Bonus>
        <ItemBonus_7.Stat>0</ItemBonus_7.Stat>
        <ItemBonus_7.Bonus>0</ItemBonus_7.Bonus>
        <ItemBonus_8.Stat>0</ItemBonus_8.Stat>
        <ItemBonus_8.Bonus>0</ItemBonus_8.Bonus>
        <ItemBonus_9.Stat>0</ItemBonus_9.Stat>
        <ItemBonus_9.Bonus>0</ItemBonus_9.Bonus>
        <DamageStat_0.Min>2</DamageStat_0.Min>
        <DamageStat_0.Max>5</DamageStat_0.Max>
        <DamageStat_0.Type>1</DamageStat_0.Type>
        <DamageStat_1.Min>0</DamageStat_1.Min>
        <DamageStat_1.Max>0</DamageStat_1.Max>
        <DamageStat_1.Type>0</DamageStat_1.Type>
        <DamageStat_2.Min>0</DamageStat_2.Min>
        <DamageStat_2.Max>0</DamageStat_2.Max>
        <DamageStat_2.Type>0</DamageStat_2.Type>
        <DamageStat_3.Min>0</DamageStat_3.Min>
        <DamageStat_3.Max>0</DamageStat_3.Max>
        <DamageStat_3.Type>0</DamageStat_3.Type>
        <DamageStat_4.Min>0</DamageStat_4.Min>
        <DamageStat_4.Max>0</DamageStat_4.Max>
        <DamageStat_4.Type>0</DamageStat_4.Type>
        <Resistance.Physical>0</Resistance.Physical>
        <Resistance.Holy>0</Resistance.Holy>
        <Resistance.Fire>0</Resistance.Fire>
        <Resistance.Nature>0</Resistance.Nature>
        <Resistance.Frost>0</Resistance.Frost>
        <Resistance.Shadow>0</Resistance.Shadow>
        <WeaponSpeed>0</WeaponSpeed>
        <AmmoType>0</AmmoType>
        <MaxDurability>0</MaxDurability>
        <SpellStat_0.ID>0</SpellStat_0.ID>
        <SpellStat_0.Trigger>0</SpellStat_0.Trigger>
        <SpellStat_0.Charges>0</SpellStat_0.Charges>
        <SpellStat_0.Cooldown>0</SpellStat_0.Cooldown>
        <SpellStat_0.Category>0</SpellStat_0.Category>
        <SpellStat_0.CategoryCooldown>0</SpellStat_0.CategoryCooldown>
        <SpellStat_1.ID>0</SpellStat_1.ID>
        <SpellStat_1.Trigger>0</SpellStat_1.Trigger>
        <SpellStat_1.Charges>0</SpellStat_1.Charges>
        <SpellStat_1.Cooldown>0</SpellStat_1.Cooldown>
        <SpellStat_1.Category>0</SpellStat_1.Category>
        <SpellStat_1.CategoryCooldown>0</SpellStat_1.CategoryCooldown>
        <SpellStat_2.ID>0</SpellStat_2.ID>
        <SpellStat_2.Trigger>0</SpellStat_2.Trigger>
        <SpellStat_2.Charges>0</SpellStat_2.Charges>
        <SpellStat_2.Cooldown>0</SpellStat_2.Cooldown>
        <SpellStat_2.Category>0</SpellStat_2.Category>
        <SpellStat_2.CategoryCooldown>0</SpellStat_2.CategoryCooldown>
        <SpellStat_3.ID>0</SpellStat_3.ID>
        <SpellStat_3.Trigger>0</SpellStat_3.Trigger>
        <SpellStat_3.Charges>0</SpellStat_3.Charges>
        <SpellStat_3.Cooldown>0</SpellStat_3.Cooldown>
        <SpellStat_3.Category>0</SpellStat_3.Category>
        <SpellStat_3.CategoryCooldown>0</SpellStat_3.CategoryCooldown>
        <SpellStat_4.ID>0</SpellStat_4.ID>
        <SpellStat_4.Trigger>0</SpellStat_4.Trigger>
        <SpellStat_4.Charges>0</SpellStat_4.Charges>
        <SpellStat_4.Cooldown>0</SpellStat_4.Cooldown>
        <SpellStat_4.Category>0</SpellStat_4.Category>
        <SpellStat_4.CategoryCooldown>0</SpellStat_4.CategoryCooldown>
        <Bonding>0</Bonding>
        <Description />
        <PageText>0</PageText>
        <LanguageID>0</LanguageID>
        <PageMaterial>0</PageMaterial>
        <StartQuest>0</StartQuest>
        <Lock>0</Lock>
        <Material>0</Material>
        <SheatheType>0</SheatheType>
        <Unknown1>0</Unknown1>
        <Unknown2>0</Unknown2>
    </ItemTemplate>
    <ItemTemplate>
        <ItemTemplate_ID>12</ItemTemplate_ID>
        <Class>4</Class>
        <SubClass>2</SubClass>
        <Name>Leather Chest</Name>
        <Name1>ITEM NAME1 UNSET!</Name1>
        <Name2>ITEM NAME2 UNSET!</Name2>
        <Name3>ITEM NAME3 UNSET!</Name3>
        <DisplayID>8647</DisplayID>
        <OverallQuality>1</OverallQuality>
        <Flags>0</Flags>
        <BuyPrice>0</BuyPrice>
        <SellPrice>0</SellPrice>
        <InvType>5</InvType>
        <AllowableClass>0</AllowableClass>
        <AllowableRace>0</AllowableRace>
        <ItemLevel>0</ItemLevel>
        <ReqLevel>0</ReqLevel>
        <ReqSkill>0</ReqSkill>
        <MinReqSkill>0</MinReqSkill>
        <ItemUnique>0</ItemUnique>
        <MaxStack>0</MaxStack>
        <ContainerSlots>6</ContainerSlots>
        <ItemBonus_0.Stat>0</ItemBonus_0.Stat>
        <ItemBonus_0.Bonus>0</ItemBonus_0.Bonus>
        <ItemBonus_1.Stat>0</ItemBonus_1.Stat>
        <ItemBonus_1.Bonus>0</ItemBonus_1.Bonus>
        <ItemBonus_2.Stat>0</ItemBonus_2.Stat>
        <ItemBonus_2.Bonus>0</ItemBonus_2.Bonus>
        <ItemBonus_3.Stat>0</ItemBonus_3.Stat>
        <ItemBonus_3.Bonus>0</ItemBonus_3.Bonus>
        <ItemBonus_4.Stat>0</ItemBonus_4.Stat>
        <ItemBonus_4.Bonus>0</ItemBonus_4.Bonus>
        <ItemBonus_5.Stat>0</ItemBonus_5.Stat>
        <ItemBonus_5.Bonus>0</ItemBonus_5.Bonus>
        <ItemBonus_6.Stat>0</ItemBonus_6.Stat>
        <ItemBonus_6.Bonus>0</ItemBonus_6.Bonus>
        <ItemBonus_7.Stat>0</ItemBonus_7.Stat>
        <ItemBonus_7.Bonus>0</ItemBonus_7.Bonus>
        <ItemBonus_8.Stat>0</ItemBonus_8.Stat>
        <ItemBonus_8.Bonus>0</ItemBonus_8.Bonus>
        <ItemBonus_9.Stat>0</ItemBonus_9.Stat>
        <ItemBonus_9.Bonus>0</ItemBonus_9.Bonus>
        <DamageStat_0.Min>25</DamageStat_0.Min>
        <DamageStat_0.Max>50</DamageStat_0.Max>
        <DamageStat_0.Type>1</DamageStat_0.Type>
        <DamageStat_1.Min>0</DamageStat_1.Min>
        <DamageStat_1.Max>0</DamageStat_1.Max>
        <DamageStat_1.Type>0</DamageStat_1.Type>
        <DamageStat_2.Min>0</DamageStat_2.Min>
        <DamageStat_2.Max>0</DamageStat_2.Max>
        <DamageStat_2.Type>0</DamageStat_2.Type>
        <DamageStat_3.Min>0</DamageStat_3.Min>
        <DamageStat_3.Max>0</DamageStat_3.Max>
        <DamageStat_3.Type>0</DamageStat_3.Type>
        <DamageStat_4.Min>0</DamageStat_4.Min>
        <DamageStat_4.Max>0</DamageStat_4.Max>
        <DamageStat_4.Type>0</DamageStat_4.Type>
        <Resistance.Physical>0</Resistance.Physical>
        <Resistance.Holy>0</Resistance.Holy>
        <Resistance.Fire>0</Resistance.Fire>
        <Resistance.Nature>0</Resistance.Nature>
        <Resistance.Frost>0</Resistance.Frost>
        <Resistance.Shadow>0</Resistance.Shadow>
        <WeaponSpeed>0</WeaponSpeed>
        <AmmoType>0</AmmoType>
        <MaxDurability>0</MaxDurability>
        <SpellStat_0.ID>0</SpellStat_0.ID>
        <SpellStat_0.Trigger>0</SpellStat_0.Trigger>
        <SpellStat_0.Charges>0</SpellStat_0.Charges>
        <SpellStat_0.Cooldown>0</SpellStat_0.Cooldown>
        <SpellStat_0.Category>0</SpellStat_0.Category>
        <SpellStat_0.CategoryCooldown>0</SpellStat_0.CategoryCooldown>
        <SpellStat_1.ID>0</SpellStat_1.ID>
        <SpellStat_1.Trigger>0</SpellStat_1.Trigger>
        <SpellStat_1.Charges>0</SpellStat_1.Charges>
        <SpellStat_1.Cooldown>0</SpellStat_1.Cooldown>
        <SpellStat_1.Category>0</SpellStat_1.Category>
        <SpellStat_1.CategoryCooldown>0</SpellStat_1.CategoryCooldown>
        <SpellStat_2.ID>0</SpellStat_2.ID>
        <SpellStat_2.Trigger>0</SpellStat_2.Trigger>
        <SpellStat_2.Charges>0</SpellStat_2.Charges>
        <SpellStat_2.Cooldown>0</SpellStat_2.Cooldown>
        <SpellStat_2.Category>0</SpellStat_2.Category>
        <SpellStat_2.CategoryCooldown>0</SpellStat_2.CategoryCooldown>
        <SpellStat_3.ID>0</SpellStat_3.ID>
        <SpellStat_3.Trigger>0</SpellStat_3.Trigger>
        <SpellStat_3.Charges>0</SpellStat_3.Charges>
        <SpellStat_3.Cooldown>0</SpellStat_3.Cooldown>
        <SpellStat_3.Category>0</SpellStat_3.Category>
        <SpellStat_3.CategoryCooldown>0</SpellStat_3.CategoryCooldown>
        <SpellStat_4.ID>0</SpellStat_4.ID>
        <SpellStat_4.Trigger>0</SpellStat_4.Trigger>
        <SpellStat_4.Charges>0</SpellStat_4.Charges>
        <SpellStat_4.Cooldown>0</SpellStat_4.Cooldown>
        <SpellStat_4.Category>0</SpellStat_4.Category>
        <SpellStat_4.CategoryCooldown>0</SpellStat_4.CategoryCooldown>
        <Bonding>0</Bonding>
        <Description />
        <PageText>0</PageText>
        <LanguageID>0</LanguageID>
        <PageMaterial>0</PageMaterial>
        <StartQuest>0</StartQuest>
        <Lock>0</Lock>
        <Material>0</Material>
        <SheatheType>0</SheatheType>
        <Unknown1>0</Unknown1>
        <Unknown2>0</Unknown2>
    </ItemTemplate>
    <ItemTemplate>
        <ItemTemplate_ID>13</ItemTemplate_ID>
        <Class>4</Class>
        <SubClass>2</SubClass>
        <Name>Brown Leather Pants</Name>
        <Name1>ITEM NAME1 UNSET!</Name1>
        <Name2>ITEM NAME2 UNSET!</Name2>
        <Name3>ITEM NAME3 UNSET!</Name3>
        <DisplayID>4312</DisplayID>
        <OverallQuality>1</OverallQuality>
        <Flags>0</Flags>
        <BuyPrice>1</BuyPrice>
        <SellPrice>1000</SellPrice>
        <InvType>7</InvType>
        <AllowableClass>0</AllowableClass>
        <AllowableRace>0</AllowableRace>
        <ItemLevel>1</ItemLevel>
        <ReqLevel>1</ReqLevel>
        <ReqSkill>0</ReqSkill>
        <MinReqSkill>0</MinReqSkill>
        <ItemUnique>0</ItemUnique>
        <MaxStack>0</MaxStack>
        <ContainerSlots>0</ContainerSlots>
        <ItemBonus_0.Stat>0</ItemBonus_0.Stat>
        <ItemBonus_0.Bonus>0</ItemBonus_0.Bonus>
        <ItemBonus_1.Stat>0</ItemBonus_1.Stat>
        <ItemBonus_1.Bonus>0</ItemBonus_1.Bonus>
        <ItemBonus_2.Stat>0</ItemBonus_2.Stat>
        <ItemBonus_2.Bonus>0</ItemBonus_2.Bonus>
        <ItemBonus_3.Stat>0</ItemBonus_3.Stat>
        <ItemBonus_3.Bonus>0</ItemBonus_3.Bonus>
        <ItemBonus_4.Stat>0</ItemBonus_4.Stat>
        <ItemBonus_4.Bonus>0</ItemBonus_4.Bonus>
        <ItemBonus_5.Stat>0</ItemBonus_5.Stat>
        <ItemBonus_5.Bonus>0</ItemBonus_5.Bonus>
        <ItemBonus_6.Stat>0</ItemBonus_6.Stat>
        <ItemBonus_6.Bonus>0</ItemBonus_6.Bonus>
        <ItemBonus_7.Stat>0</ItemBonus_7.Stat>
        <ItemBonus_7.Bonus>0</ItemBonus_7.Bonus>
        <ItemBonus_8.Stat>0</ItemBonus_8.Stat>
        <ItemBonus_8.Bonus>0</ItemBonus_8.Bonus>
        <ItemBonus_9.Stat>0</ItemBonus_9.Stat>
        <ItemBonus_9.Bonus>0</ItemBonus_9.Bonus>
        <DamageStat_0.Min>25</DamageStat_0.Min>
        <DamageStat_0.Max>50</DamageStat_0.Max>
        <DamageStat_0.Type>1</DamageStat_0.Type>
        <DamageStat_1.Min>0</DamageStat_1.Min>
        <DamageStat_1.Max>0</DamageStat_1.Max>
        <DamageStat_1.Type>0</DamageStat_1.Type>
        <DamageStat_2.Min>0</DamageStat_2.Min>
        <DamageStat_2.Max>0</DamageStat_2.Max>
        <DamageStat_2.Type>0</DamageStat_2.Type>
        <DamageStat_3.Min>0</DamageStat_3.Min>
        <DamageStat_3.Max>0</DamageStat_3.Max>
        <DamageStat_3.Type>0</DamageStat_3.Type>
        <DamageStat_4.Min>0</DamageStat_4.Min>
        <DamageStat_4.Max>0</DamageStat_4.Max>
        <DamageStat_4.Type>0</DamageStat_4.Type>
        <Resistance.Physical>0</Resistance.Physical>
        <Resistance.Holy>0</Resistance.Holy>
        <Resistance.Fire>0</Resistance.Fire>
        <Resistance.Nature>0</Resistance.Nature>
        <Resistance.Frost>0</Resistance.Frost>
        <Resistance.Shadow>0</Resistance.Shadow>
        <WeaponSpeed>0</WeaponSpeed>
        <AmmoType>0</AmmoType>
        <MaxDurability>0</MaxDurability>
        <SpellStat_0.ID>0</SpellStat_0.ID>
        <SpellStat_0.Trigger>0</SpellStat_0.Trigger>
        <SpellStat_0.Charges>0</SpellStat_0.Charges>
        <SpellStat_0.Cooldown>0</SpellStat_0.Cooldown>
        <SpellStat_0.Category>0</SpellStat_0.Category>
        <SpellStat_0.CategoryCooldown>0</SpellStat_0.CategoryCooldown>
        <SpellStat_1.ID>0</SpellStat_1.ID>
        <SpellStat_1.Trigger>0</SpellStat_1.Trigger>
        <SpellStat_1.Charges>0</SpellStat_1.Charges>
        <SpellStat_1.Cooldown>0</SpellStat_1.Cooldown>
        <SpellStat_1.Category>0</SpellStat_1.Category>
        <SpellStat_1.CategoryCooldown>0</SpellStat_1.CategoryCooldown>
        <SpellStat_2.ID>0</SpellStat_2.ID>
        <SpellStat_2.Trigger>0</SpellStat_2.Trigger>
        <SpellStat_2.Charges>0</SpellStat_2.Charges>
        <SpellStat_2.Cooldown>0</SpellStat_2.Cooldown>
        <SpellStat_2.Category>0</SpellStat_2.Category>
        <SpellStat_2.CategoryCooldown>0</SpellStat_2.CategoryCooldown>
        <SpellStat_3.ID>0</SpellStat_3.ID>
        <SpellStat_3.Trigger>0</SpellStat_3.Trigger>
        <SpellStat_3.Charges>0</SpellStat_3.Charges>
        <SpellStat_3.Cooldown>0</SpellStat_3.Cooldown>
        <SpellStat_3.Category>0</SpellStat_3.Category>
        <SpellStat_3.CategoryCooldown>0</SpellStat_3.CategoryCooldown>
        <SpellStat_4.ID>0</SpellStat_4.ID>
        <SpellStat_4.Trigger>0</SpellStat_4.Trigger>
        <SpellStat_4.Charges>0</SpellStat_4.Charges>
        <SpellStat_4.Cooldown>0</SpellStat_4.Cooldown>
        <SpellStat_4.Category>0</SpellStat_4.Category>
        <SpellStat_4.CategoryCooldown>0</SpellStat_4.CategoryCooldown>
        <Bonding>0</Bonding>
        <Description />
        <PageText>0</PageText>
        <LanguageID>0</LanguageID>
        <PageMaterial>0</PageMaterial>
        <StartQuest>0</StartQuest>
        <Lock>0</Lock>
        <Material>0</Material>
        <SheatheType>0</SheatheType>
        <Unknown1>0</Unknown1>
        <Unknown2>0</Unknown2>
    </ItemTemplate>
    <ItemTemplate>
        <ItemTemplate_ID>14</ItemTemplate_ID>
        <Class>4</Class>
        <SubClass>2</SubClass>
        <Name>Brown Leather Boots</Name>
        <Name1>ITEM NAME1 UNSET!</Name1>
        <Name2>ITEM NAME2 UNSET!</Name2>
        <Name3>ITEM NAME3 UNSET!</Name3>
        <DisplayID>945</DisplayID>
        <OverallQuality>1</OverallQuality>
        <Flags>0</Flags>
        <BuyPrice>0</BuyPrice>
        <SellPrice>0</SellPrice>
        <InvType>8</InvType>
        <AllowableClass>0</AllowableClass>
        <AllowableRace>0</AllowableRace>
        <ItemLevel>0</ItemLevel>
        <ReqLevel>0</ReqLevel>
        <ReqSkill>0</ReqSkill>
        <MinReqSkill>0</MinReqSkill>
        <ItemUnique>0</ItemUnique>
        <MaxStack>0</MaxStack>
        <ContainerSlots>0</ContainerSlots>
        <ItemBonus_0.Stat>0</ItemBonus_0.Stat>
        <ItemBonus_0.Bonus>0</ItemBonus_0.Bonus>
        <ItemBonus_1.Stat>0</ItemBonus_1.Stat>
        <ItemBonus_1.Bonus>0</ItemBonus_1.Bonus>
        <ItemBonus_2.Stat>0</ItemBonus_2.Stat>
        <ItemBonus_2.Bonus>0</ItemBonus_2.Bonus>
        <ItemBonus_3.Stat>0</ItemBonus_3.Stat>
        <ItemBonus_3.Bonus>0</ItemBonus_3.Bonus>
        <ItemBonus_4.Stat>0</ItemBonus_4.Stat>
        <ItemBonus_4.Bonus>0</ItemBonus_4.Bonus>
        <ItemBonus_5.Stat>0</ItemBonus_5.Stat>
        <ItemBonus_5.Bonus>0</ItemBonus_5.Bonus>
        <ItemBonus_6.Stat>0</ItemBonus_6.Stat>
        <ItemBonus_6.Bonus>0</ItemBonus_6.Bonus>
        <ItemBonus_7.Stat>0</ItemBonus_7.Stat>
        <ItemBonus_7.Bonus>0</ItemBonus_7.Bonus>
        <ItemBonus_8.Stat>0</ItemBonus_8.Stat>
        <ItemBonus_8.Bonus>0</ItemBonus_8.Bonus>
        <ItemBonus_9.Stat>0</ItemBonus_9.Stat>
        <ItemBonus_9.Bonus>0</ItemBonus_9.Bonus>
        <DamageStat_0.Min>25</DamageStat_0.Min>
        <DamageStat_0.Max>50</DamageStat_0.Max>
        <DamageStat_0.Type>1</DamageStat_0.Type>
        <DamageStat_1.Min>0</DamageStat_1.Min>
        <DamageStat_1.Max>0</DamageStat_1.Max>
        <DamageStat_1.Type>0</DamageStat_1.Type>
        <DamageStat_2.Min>0</DamageStat_2.Min>
        <DamageStat_2.Max>0</DamageStat_2.Max>
        <DamageStat_2.Type>0</DamageStat_2.Type>
        <DamageStat_3.Min>0</DamageStat_3.Min>
        <DamageStat_3.Max>0</DamageStat_3.Max>
        <DamageStat_3.Type>0</DamageStat_3.Type>
        <DamageStat_4.Min>0</DamageStat_4.Min>
        <DamageStat_4.Max>0</DamageStat_4.Max>
        <DamageStat_4.Type>0</DamageStat_4.Type>
        <Resistance.Physical>0</Resistance.Physical>
        <Resistance.Holy>0</Resistance.Holy>
        <Resistance.Fire>0</Resistance.Fire>
        <Resistance.Nature>0</Resistance.Nature>
        <Resistance.Frost>0</Resistance.Frost>
        <Resistance.Shadow>0</Resistance.Shadow>
        <WeaponSpeed>0</WeaponSpeed>
        <AmmoType>0</AmmoType>
        <MaxDurability>0</MaxDurability>
        <SpellStat_0.ID>0</SpellStat_0.ID>
        <SpellStat_0.Trigger>0</SpellStat_0.Trigger>
        <SpellStat_0.Charges>0</SpellStat_0.Charges>
        <SpellStat_0.Cooldown>0</SpellStat_0.Cooldown>
        <SpellStat_0.Category>0</SpellStat_0.Category>
        <SpellStat_0.CategoryCooldown>0</SpellStat_0.CategoryCooldown>
        <SpellStat_1.ID>0</SpellStat_1.ID>
        <SpellStat_1.Trigger>0</SpellStat_1.Trigger>
        <SpellStat_1.Charges>0</SpellStat_1.Charges>
        <SpellStat_1.Cooldown>0</SpellStat_1.Cooldown>
        <SpellStat_1.Category>0</SpellStat_1.Category>
        <SpellStat_1.CategoryCooldown>0</SpellStat_1.CategoryCooldown>
        <SpellStat_2.ID>0</SpellStat_2.ID>
        <SpellStat_2.Trigger>0</SpellStat_2.Trigger>
        <SpellStat_2.Charges>0</SpellStat_2.Charges>
        <SpellStat_2.Cooldown>0</SpellStat_2.Cooldown>
        <SpellStat_2.Category>0</SpellStat_2.Category>
        <SpellStat_2.CategoryCooldown>0</SpellStat_2.CategoryCooldown>
        <SpellStat_3.ID>0</SpellStat_3.ID>
        <SpellStat_3.Trigger>0</SpellStat_3.Trigger>
        <SpellStat_3.Charges>0</SpellStat_3.Charges>
        <SpellStat_3.Cooldown>0</SpellStat_3.Cooldown>
        <SpellStat_3.Category>0</SpellStat_3.Category>
        <SpellStat_3.CategoryCooldown>0</SpellStat_3.CategoryCooldown>
        <SpellStat_4.ID>0</SpellStat_4.ID>
        <SpellStat_4.Trigger>0</SpellStat_4.Trigger>
        <SpellStat_4.Charges>0</SpellStat_4.Charges>
        <SpellStat_4.Cooldown>0</SpellStat_4.Cooldown>
        <SpellStat_4.Category>0</SpellStat_4.Category>
        <SpellStat_4.CategoryCooldown>0</SpellStat_4.CategoryCooldown>
        <Bonding>0</Bonding>
        <Description />
        <PageText>0</PageText>
        <LanguageID>0</LanguageID>
        <PageMaterial>0</PageMaterial>
        <StartQuest>0</StartQuest>
        <Lock>0</Lock>
        <Material>0</Material>
        <SheatheType>0</SheatheType>
        <Unknown1>0</Unknown1>
        <Unknown2>0</Unknown2>
    </ItemTemplate>
</ItemTemplate>