<?xml version="1.0" standalone="yes"?>
<Item>
  <Item>
    <Item_ID>38</Item_ID>
    <OwnerID>7</OwnerID>
    <OwnerSlot>15</OwnerSlot>
    <TemplateID>1</TemplateID>
    <Creator>0</Creator>
    <StackCount>1</StackCount>
    <Expiration>0</Expiration>
    <SpellCharge_0>0</SpellCharge_0>
    <SpellCharge_1>0</SpellCharge_1>
    <SpellCharge_2>0</SpellCharge_2>
    <SpellCharge_3>0</SpellCharge_3>
    <SpellCharge_4>0</SpellCharge_4>
    <StaticFlags>0</StaticFlags>
    <DynamicFlags>0</DynamicFlags>
    <Enchantment_0.id>0</Enchantment_0.id>
    <Enchantment_0.expiration>0</Enchantment_0.expiration>
    <Enchantment_0.chargesRemaining>0</Enchantment_0.chargesRemaining>
    <Enchantment_1.id>0</Enchantment_1.id>
    <Enchantment_1.expiration>0</Enchantment_1.expiration>
    <Enchantment_1.chargesRemaining>0</Enchantment_1.chargesRemaining>
    <Enchantment_2.id>0</Enchantment_2.id>
    <Enchantment_2.expiration>0</Enchantment_2.expiration>
    <Enchantment_2.chargesRemaining>0</Enchantment_2.chargesRemaining>
    <Enchantment_3.id>0</Enchantment_3.id>
    <Enchantment_3.expiration>0</Enchantment_3.expiration>
    <Enchantment_3.chargesRemaining>0</Enchantment_3.chargesRemaining>
    <Enchantment_4.id>0</Enchantment_4.id>
    <Enchantment_4.expiration>0</Enchantment_4.expiration>
    <Enchantment_4.chargesRemaining>0</Enchantment_4.chargesRemaining>
    <Enchantment_5.id>0</Enchantment_5.id>
    <Enchantment_5.expiration>0</Enchantment_5.expiration>
    <Enchantment_5.chargesRemaining>0</Enchantment_5.chargesRemaining>
    <Enchantment_6.id>0</Enchantment_6.id>
    <Enchantment_6.expiration>0</Enchantment_6.expiration>
    <Enchantment_6.chargesRemaining>0</Enchantment_6.chargesRemaining>
    <PropertySeed>0</PropertySeed>
    <PropertyID>0</PropertyID>
  </Item>
  <Item>
    <Item_ID>39</Item_ID>
    <OwnerID>7</OwnerID>
    <OwnerSlot>4</OwnerSlot>
    <TemplateID>2</TemplateID>
    <Creator>0</Creator>
    <StackCount>1</StackCount>
    <Expiration>0</Expiration>
    <SpellCharge_0>0</SpellCharge_0>
    <SpellCharge_1>0</SpellCharge_1>
    <SpellCharge_2>0</SpellCharge_2>
    <SpellCharge_3>0</SpellCharge_3>
    <SpellCharge_4>0</SpellCharge_4>
    <StaticFlags>0</StaticFlags>
    <DynamicFlags>0</DynamicFlags>
    <Enchantment_0.id>0</Enchantment_0.id>
    <Enchantment_0.expiration>0</Enchantment_0.expiration>
    <Enchantment_0.chargesRemaining>0</Enchantment_0.chargesRemaining>
    <Enchantment_1.id>0</Enchantment_1.id>
    <Enchantment_1.expiration>0</Enchantment_1.expiration>
    <Enchantment_1.chargesRemaining>0</Enchantment_1.chargesRemaining>
    <Enchantment_2.id>0</Enchantment_2.id>
    <Enchantment_2.expiration>0</Enchantment_2.expiration>
    <Enchantment_2.chargesRemaining>0</Enchantment_2.chargesRemaining>
    <Enchantment_3.id>0</Enchantment_3.id>
    <Enchantment_3.expiration>0</Enchantment_3.expiration>
    <Enchantment_3.chargesRemaining>0</Enchantment_3.chargesRemaining>
    <Enchantment_4.id>0</Enchantment_4.id>
    <Enchantment_4.expiration>0</Enchantment_4.expiration>
    <Enchantment_4.chargesRemaining>0</Enchantment_4.chargesRemaining>
    <Enchantment_5.id>0</Enchantment_5.id>
    <Enchantment_5.expiration>0</Enchantment_5.expiration>
    <Enchantment_5.chargesRemaining>0</Enchantment_5.chargesRemaining>
    <Enchantment_6.id>0</Enchantment_6.id>
    <Enchantment_6.expiration>0</Enchantment_6.expiration>
    <Enchantment_6.chargesRemaining>0</Enchantment_6.chargesRemaining>
    <PropertySeed>0</PropertySeed>
    <PropertyID>0</PropertyID>
  </Item>
  <Item>
    <Item_ID>40</Item_ID>
    <OwnerID>7</OwnerID>
    <OwnerSlot>6</OwnerSlot>
    <TemplateID>3</TemplateID>
    <Creator>0</Creator>
    <StackCount>1</StackCount>
    <Expiration>0</Expiration>
    <SpellCharge_0>0</SpellCharge_0>
    <SpellCharge_1>0</SpellCharge_1>
    <SpellCharge_2>0</SpellCharge_2>
    <SpellCharge_3>0</SpellCharge_3>
    <SpellCharge_4>0</SpellCharge_4>
    <StaticFlags>0</StaticFlags>
    <DynamicFlags>0</DynamicFlags>
    <Enchantment_0.id>0</Enchantment_0.id>
    <Enchantment_0.expiration>0</Enchantment_0.expiration>
    <Enchantment_0.chargesRemaining>0</Enchantment_0.chargesRemaining>
    <Enchantment_1.id>0</Enchantment_1.id>
    <Enchantment_1.expiration>0</Enchantment_1.expiration>
    <Enchantment_1.chargesRemaining>0</Enchantment_1.chargesRemaining>
    <Enchantment_2.id>0</Enchantment_2.id>
    <Enchantment_2.expiration>0</Enchantment_2.expiration>
    <Enchantment_2.chargesRemaining>0</Enchantment_2.chargesRemaining>
    <Enchantment_3.id>0</Enchantment_3.id>
    <Enchantment_3.expiration>0</Enchantment_3.expiration>
    <Enchantment_3.chargesRemaining>0</Enchantment_3.chargesRemaining>
    <Enchantment_4.id>0</Enchantment_4.id>
    <Enchantment_4.expiration>0</Enchantment_4.expiration>
    <Enchantment_4.chargesRemaining>0</Enchantment_4.chargesRemaining>
    <Enchantment_5.id>0</Enchantment_5.id>
    <Enchantment_5.expiration>0</Enchantment_5.expiration>
    <Enchantment_5.chargesRemaining>0</Enchantment_5.chargesRemaining>
    <Enchantment_6.id>0</Enchantment_6.id>
    <Enchantment_6.expiration>0</Enchantment_6.expiration>
    <Enchantment_6.chargesRemaining>0</Enchantment_6.chargesRemaining>
    <PropertySeed>0</PropertySeed>
    <PropertyID>0</PropertyID>
  </Item>
  <Item>
    <Item_ID>41</Item_ID>
    <OwnerID>7</OwnerID>
    <OwnerSlot>7</OwnerSlot>
    <TemplateID>4</TemplateID>
    <Creator>0</Creator>
    <StackCount>1</StackCount>
    <Expiration>0</Expiration>
    <SpellCharge_0>0</SpellCharge_0>
    <SpellCharge_1>0</SpellCharge_1>
    <SpellCharge_2>0</SpellCharge_2>
    <SpellCharge_3>0</SpellCharge_3>
    <SpellCharge_4>0</SpellCharge_4>
    <StaticFlags>0</StaticFlags>
    <DynamicFlags>0</DynamicFlags>
    <Enchantment_0.id>0</Enchantment_0.id>
    <Enchantment_0.expiration>0</Enchantment_0.expiration>
    <Enchantment_0.chargesRemaining>0</Enchantment_0.chargesRemaining>
    <Enchantment_1.id>0</Enchantment_1.id>
    <Enchantment_1.expiration>0</Enchantment_1.expiration>
    <Enchantment_1.chargesRemaining>0</Enchantment_1.chargesRemaining>
    <Enchantment_2.id>0</Enchantment_2.id>
    <Enchantment_2.expiration>0</Enchantment_2.expiration>
    <Enchantment_2.chargesRemaining>0</Enchantment_2.chargesRemaining>
    <Enchantment_3.id>0</Enchantment_3.id>
    <Enchantment_3.expiration>0</Enchantment_3.expiration>
    <Enchantment_3.chargesRemaining>0</Enchantment_3.chargesRemaining>
    <Enchantment_4.id>0</Enchantment_4.id>
    <Enchantment_4.expiration>0</Enchantment_4.expiration>
    <Enchantment_4.chargesRemaining>0</Enchantment_4.chargesRemaining>
    <Enchantment_5.id>0</Enchantment_5.id>
    <Enchantment_5.expiration>0</Enchantment_5.expiration>
    <Enchantment_5.chargesRemaining>0</Enchantment_5.chargesRemaining>
    <Enchantment_6.id>0</Enchantment_6.id>
    <Enchantment_6.expiration>0</Enchantment_6.expiration>
    <Enchantment_6.chargesRemaining>0</Enchantment_6.chargesRemaining>
    <PropertySeed>0</PropertySeed>
    <PropertyID>0</PropertyID>
  </Item>
  <Item>
    <Item_ID>51</Item_ID>
    <OwnerID>2</OwnerID>
    <OwnerSlot>15</OwnerSlot>
    <TemplateID>1</TemplateID>
    <Creator>0</Creator>
    <StackCount>1</StackCount>
    <Expiration>0</Expiration>
    <SpellCharge_0>0</SpellCharge_0>
    <SpellCharge_1>0</SpellCharge_1>
    <SpellCharge_2>0</SpellCharge_2>
    <SpellCharge_3>0</SpellCharge_3>
    <SpellCharge_4>0</SpellCharge_4>
    <StaticFlags>0</StaticFlags>
    <DynamicFlags>0</DynamicFlags>
    <Enchantment_0.id>0</Enchantment_0.id>
    <Enchantment_0.expiration>0</Enchantment_0.expiration>
    <Enchantment_0.chargesRemaining>0</Enchantment_0.chargesRemaining>
    <Enchantment_1.id>0</Enchantment_1.id>
    <Enchantment_1.expiration>0</Enchantment_1.expiration>
    <Enchantment_1.chargesRemaining>0</Enchantment_1.chargesRemaining>
    <Enchantment_2.id>0</Enchantment_2.id>
    <Enchantment_2.expiration>0</Enchantment_2.expiration>
    <Enchantment_2.chargesRemaining>0</Enchantment_2.chargesRemaining>
    <Enchantment_3.id>0</Enchantment_3.id>
    <Enchantment_3.expiration>0</Enchantment_3.expiration>
    <Enchantment_3.chargesRemaining>0</Enchantment_3.chargesRemaining>
    <Enchantment_4.id>0</Enchantment_4.id>
    <Enchantment_4.expiration>0</Enchantment_4.expiration>
    <Enchantment_4.chargesRemaining>0</Enchantment_4.chargesRemaining>
    <Enchantment_5.id>0</Enchantment_5.id>
    <Enchantment_5.expiration>0</Enchantment_5.expiration>
    <Enchantment_5.chargesRemaining>0</Enchantment_5.chargesRemaining>
    <Enchantment_6.id>0</Enchantment_6.id>
    <Enchantment_6.expiration>0</Enchantment_6.expiration>
    <Enchantment_6.chargesRemaining>0</Enchantment_6.chargesRemaining>
    <PropertySeed>0</PropertySeed>
    <PropertyID>0</PropertyID>
  </Item>
  <Item>
    <Item_ID>52</Item_ID>
    <OwnerID>2</OwnerID>
    <OwnerSlot>4</OwnerSlot>
    <TemplateID>2</TemplateID>
    <Creator>0</Creator>
    <StackCount>1</StackCount>
    <Expiration>0</Expiration>
    <SpellCharge_0>0</SpellCharge_0>
    <SpellCharge_1>0</SpellCharge_1>
    <SpellCharge_2>0</SpellCharge_2>
    <SpellCharge_3>0</SpellCharge_3>
    <SpellCharge_4>0</SpellCharge_4>
    <StaticFlags>0</StaticFlags>
    <DynamicFlags>0</DynamicFlags>
    <Enchantment_0.id>0</Enchantment_0.id>
    <Enchantment_0.expiration>0</Enchantment_0.expiration>
    <Enchantment_0.chargesRemaining>0</Enchantment_0.chargesRemaining>
    <Enchantment_1.id>0</Enchantment_1.id>
    <Enchantment_1.expiration>0</Enchantment_1.expiration>
    <Enchantment_1.chargesRemaining>0</Enchantment_1.chargesRemaining>
    <Enchantment_2.id>0</Enchantment_2.id>
    <Enchantment_2.expiration>0</Enchantment_2.expiration>
    <Enchantment_2.chargesRemaining>0</Enchantment_2.chargesRemaining>
    <Enchantment_3.id>0</Enchantment_3.id>
    <Enchantment_3.expiration>0</Enchantment_3.expiration>
    <Enchantment_3.chargesRemaining>0</Enchantment_3.chargesRemaining>
    <Enchantment_4.id>0</Enchantment_4.id>
    <Enchantment_4.expiration>0</Enchantment_4.expiration>
    <Enchantment_4.chargesRemaining>0</Enchantment_4.chargesRemaining>
    <Enchantment_5.id>0</Enchantment_5.id>
    <Enchantment_5.expiration>0</Enchantment_5.expiration>
    <Enchantment_5.chargesRemaining>0</Enchantment_5.chargesRemaining>
    <Enchantment_6.id>0</Enchantment_6.id>
    <Enchantment_6.expiration>0</Enchantment_6.expiration>
    <Enchantment_6.chargesRemaining>0</Enchantment_6.chargesRemaining>
    <PropertySeed>0</PropertySeed>
    <PropertyID>0</PropertyID>
  </Item>
  <Item>
    <Item_ID>53</Item_ID>
    <OwnerID>2</OwnerID>
    <OwnerSlot>6</OwnerSlot>
    <TemplateID>3</TemplateID>
    <Creator>0</Creator>
    <StackCount>1</StackCount>
    <Expiration>0</Expiration>
    <SpellCharge_0>0</SpellCharge_0>
    <SpellCharge_1>0</SpellCharge_1>
    <SpellCharge_2>0</SpellCharge_2>
    <SpellCharge_3>0</SpellCharge_3>
    <SpellCharge_4>0</SpellCharge_4>
    <StaticFlags>0</StaticFlags>
    <DynamicFlags>0</DynamicFlags>
    <Enchantment_0.id>0</Enchantment_0.id>
    <Enchantment_0.expiration>0</Enchantment_0.expiration>
    <Enchantment_0.chargesRemaining>0</Enchantment_0.chargesRemaining>
    <Enchantment_1.id>0</Enchantment_1.id>
    <Enchantment_1.expiration>0</Enchantment_1.expiration>
    <Enchantment_1.chargesRemaining>0</Enchantment_1.chargesRemaining>
    <Enchantment_2.id>0</Enchantment_2.id>
    <Enchantment_2.expiration>0</Enchantment_2.expiration>
    <Enchantment_2.chargesRemaining>0</Enchantment_2.chargesRemaining>
    <Enchantment_3.id>0</Enchantment_3.id>
    <Enchantment_3.expiration>0</Enchantment_3.expiration>
    <Enchantment_3.chargesRemaining>0</Enchantment_3.chargesRemaining>
    <Enchantment_4.id>0</Enchantment_4.id>
    <Enchantment_4.expiration>0</Enchantment_4.expiration>
    <Enchantment_4.chargesRemaining>0</Enchantment_4.chargesRemaining>
    <Enchantment_5.id>0</Enchantment_5.id>
    <Enchantment_5.expiration>0</Enchantment_5.expiration>
    <Enchantment_5.chargesRemaining>0</Enchantment_5.chargesRemaining>
    <Enchantment_6.id>0</Enchantment_6.id>
    <Enchantment_6.expiration>0</Enchantment_6.expiration>
    <Enchantment_6.chargesRemaining>0</Enchantment_6.chargesRemaining>
    <PropertySeed>0</PropertySeed>
    <PropertyID>0</PropertyID>
  </Item>
  <Item>
    <Item_ID>54</Item_ID>
    <OwnerID>2</OwnerID>
    <OwnerSlot>7</OwnerSlot>
    <TemplateID>4</TemplateID>
    <Creator>0</Creator>
    <StackCount>1</StackCount>
    <Expiration>0</Expiration>
    <SpellCharge_0>0</SpellCharge_0>
    <SpellCharge_1>0</SpellCharge_1>
    <SpellCharge_2>0</SpellCharge_2>
    <SpellCharge_3>0</SpellCharge_3>
    <SpellCharge_4>0</SpellCharge_4>
    <StaticFlags>0</StaticFlags>
    <DynamicFlags>0</DynamicFlags>
    <Enchantment_0.id>0</Enchantment_0.id>
    <Enchantment_0.expiration>0</Enchantment_0.expiration>
    <Enchantment_0.chargesRemaining>0</Enchantment_0.chargesRemaining>
    <Enchantment_1.id>0</Enchantment_1.id>
    <Enchantment_1.expiration>0</Enchantment_1.expiration>
    <Enchantment_1.chargesRemaining>0</Enchantment_1.chargesRemaining>
    <Enchantment_2.id>0</Enchantment_2.id>
    <Enchantment_2.expiration>0</Enchantment_2.expiration>
    <Enchantment_2.chargesRemaining>0</Enchantment_2.chargesRemaining>
    <Enchantment_3.id>0</Enchantment_3.id>
    <Enchantment_3.expiration>0</Enchantment_3.expiration>
    <Enchantment_3.chargesRemaining>0</Enchantment_3.chargesRemaining>
    <Enchantment_4.id>0</Enchantment_4.id>
    <Enchantment_4.expiration>0</Enchantment_4.expiration>
    <Enchantment_4.chargesRemaining>0</Enchantment_4.chargesRemaining>
    <Enchantment_5.id>0</Enchantment_5.id>
    <Enchantment_5.expiration>0</Enchantment_5.expiration>
    <Enchantment_5.chargesRemaining>0</Enchantment_5.chargesRemaining>
    <Enchantment_6.id>0</Enchantment_6.id>
    <Enchantment_6.expiration>0</Enchantment_6.expiration>
    <Enchantment_6.chargesRemaining>0</Enchantment_6.chargesRemaining>
    <PropertySeed>0</PropertySeed>
    <PropertyID>0</PropertyID>
  </Item>
  <Item>
    <Item_ID>55</Item_ID>
    <OwnerID>2</OwnerID>
    <OwnerSlot>16</OwnerSlot>
    <TemplateID>5</TemplateID>
    <Creator>0</Creator>
    <StackCount>1</StackCount>
    <Expiration>0</Expiration>
    <SpellCharge_0>0</SpellCharge_0>
    <SpellCharge_1>0</SpellCharge_1>
    <SpellCharge_2>0</SpellCharge_2>
    <SpellCharge_3>0</SpellCharge_3>
    <SpellCharge_4>0</SpellCharge_4>
    <StaticFlags>0</StaticFlags>
    <DynamicFlags>0</DynamicFlags>
    <Enchantment_0.id>0</Enchantment_0.id>
    <Enchantment_0.expiration>0</Enchantment_0.expiration>
    <Enchantment_0.chargesRemaining>0</Enchantment_0.chargesRemaining>
    <Enchantment_1.id>0</Enchantment_1.id>
    <Enchantment_1.expiration>0</Enchantment_1.expiration>
    <Enchantment_1.chargesRemaining>0</Enchantment_1.chargesRemaining>
    <Enchantment_2.id>0</Enchantment_2.id>
    <Enchantment_2.expiration>0</Enchantment_2.expiration>
    <Enchantment_2.chargesRemaining>0</Enchantment_2.chargesRemaining>
    <Enchantment_3.id>0</Enchantment_3.id>
    <Enchantment_3.expiration>0</Enchantment_3.expiration>
    <Enchantment_3.chargesRemaining>0</Enchantment_3.chargesRemaining>
    <Enchantment_4.id>0</Enchantment_4.id>
    <Enchantment_4.expiration>0</Enchantment_4.expiration>
    <Enchantment_4.chargesRemaining>0</Enchantment_4.chargesRemaining>
    <Enchantment_5.id>0</Enchantment_5.id>
    <Enchantment_5.expiration>0</Enchantment_5.expiration>
    <Enchantment_5.chargesRemaining>0</Enchantment_5.chargesRemaining>
    <Enchantment_6.id>0</Enchantment_6.id>
    <Enchantment_6.expiration>0</Enchantment_6.expiration>
    <Enchantment_6.chargesRemaining>0</Enchantment_6.chargesRemaining>
    <PropertySeed>0</PropertySeed>
    <PropertyID>0</PropertyID>
  </Item>
  <Item>
    <Item_ID>76</Item_ID>
    <OwnerID>2</OwnerID>
    <OwnerSlot>15</OwnerSlot>
    <TemplateID>1</TemplateID>
    <Creator>0</Creator>
    <StackCount>1</StackCount>
    <Expiration>0</Expiration>
    <SpellCharge_0>0</SpellCharge_0>
    <SpellCharge_1>0</SpellCharge_1>
    <SpellCharge_2>0</SpellCharge_2>
    <SpellCharge_3>0</SpellCharge_3>
    <SpellCharge_4>0</SpellCharge_4>
    <StaticFlags>0</StaticFlags>
    <DynamicFlags>0</DynamicFlags>
    <Enchantment_0.id>0</Enchantment_0.id>
    <Enchantment_0.expiration>0</Enchantment_0.expiration>
    <Enchantment_0.chargesRemaining>0</Enchantment_0.chargesRemaining>
    <Enchantment_1.id>0</Enchantment_1.id>
    <Enchantment_1.expiration>0</Enchantment_1.expiration>
    <Enchantment_1.chargesRemaining>0</Enchantment_1.chargesRemaining>
    <Enchantment_2.id>0</Enchantment_2.id>
    <Enchantment_2.expiration>0</Enchantment_2.expiration>
    <Enchantment_2.chargesRemaining>0</Enchantment_2.chargesRemaining>
    <Enchantment_3.id>0</Enchantment_3.id>
    <Enchantment_3.expiration>0</Enchantment_3.expiration>
    <Enchantment_3.chargesRemaining>0</Enchantment_3.chargesRemaining>
    <Enchantment_4.id>0</Enchantment_4.id>
    <Enchantment_4.expiration>0</Enchantment_4.expiration>
    <Enchantment_4.chargesRemaining>0</Enchantment_4.chargesRemaining>
    <Enchantment_5.id>0</Enchantment_5.id>
    <Enchantment_5.expiration>0</Enchantment_5.expiration>
    <Enchantment_5.chargesRemaining>0</Enchantment_5.chargesRemaining>
    <Enchantment_6.id>0</Enchantment_6.id>
    <Enchantment_6.expiration>0</Enchantment_6.expiration>
    <Enchantment_6.chargesRemaining>0</Enchantment_6.chargesRemaining>
    <PropertySeed>0</PropertySeed>
    <PropertyID>0</PropertyID>
  </Item>
  <Item>
    <Item_ID>77</Item_ID>
    <OwnerID>2</OwnerID>
    <OwnerSlot>4</OwnerSlot>
    <TemplateID>2</TemplateID>
    <Creator>0</Creator>
    <StackCount>1</StackCount>
    <Expiration>0</Expiration>
    <SpellCharge_0>0</SpellCharge_0>
    <SpellCharge_1>0</SpellCharge_1>
    <SpellCharge_2>0</SpellCharge_2>
    <SpellCharge_3>0</SpellCharge_3>
    <SpellCharge_4>0</SpellCharge_4>
    <StaticFlags>0</StaticFlags>
    <DynamicFlags>0</DynamicFlags>
    <Enchantment_0.id>0</Enchantment_0.id>
    <Enchantment_0.expiration>0</Enchantment_0.expiration>
    <Enchantment_0.chargesRemaining>0</Enchantment_0.chargesRemaining>
    <Enchantment_1.id>0</Enchantment_1.id>
    <Enchantment_1.expiration>0</Enchantment_1.expiration>
    <Enchantment_1.chargesRemaining>0</Enchantment_1.chargesRemaining>
    <Enchantment_2.id>0</Enchantment_2.id>
    <Enchantment_2.expiration>0</Enchantment_2.expiration>
    <Enchantment_2.chargesRemaining>0</Enchantment_2.chargesRemaining>
    <Enchantment_3.id>0</Enchantment_3.id>
    <Enchantment_3.expiration>0</Enchantment_3.expiration>
    <Enchantment_3.chargesRemaining>0</Enchantment_3.chargesRemaining>
    <Enchantment_4.id>0</Enchantment_4.id>
    <Enchantment_4.expiration>0</Enchantment_4.expiration>
    <Enchantment_4.chargesRemaining>0</Enchantment_4.chargesRemaining>
    <Enchantment_5.id>0</Enchantment_5.id>
    <Enchantment_5.expiration>0</Enchantment_5.expiration>
    <Enchantment_5.chargesRemaining>0</Enchantment_5.chargesRemaining>
    <Enchantment_6.id>0</Enchantment_6.id>
    <Enchantment_6.expiration>0</Enchantment_6.expiration>
    <Enchantment_6.chargesRemaining>0</Enchantment_6.chargesRemaining>
    <PropertySeed>0</PropertySeed>
    <PropertyID>0</PropertyID>
  </Item>
  <Item>
    <Item_ID>78</Item_ID>
    <OwnerID>2</OwnerID>
    <OwnerSlot>6</OwnerSlot>
    <TemplateID>3</TemplateID>
    <Creator>0</Creator>
    <StackCount>1</StackCount>
    <Expiration>0</Expiration>
    <SpellCharge_0>0</SpellCharge_0>
    <SpellCharge_1>0</SpellCharge_1>
    <SpellCharge_2>0</SpellCharge_2>
    <SpellCharge_3>0</SpellCharge_3>
    <SpellCharge_4>0</SpellCharge_4>
    <StaticFlags>0</StaticFlags>
    <DynamicFlags>0</DynamicFlags>
    <Enchantment_0.id>0</Enchantment_0.id>
    <Enchantment_0.expiration>0</Enchantment_0.expiration>
    <Enchantment_0.chargesRemaining>0</Enchantment_0.chargesRemaining>
    <Enchantment_1.id>0</Enchantment_1.id>
    <Enchantment_1.expiration>0</Enchantment_1.expiration>
    <Enchantment_1.chargesRemaining>0</Enchantment_1.chargesRemaining>
    <Enchantment_2.id>0</Enchantment_2.id>
    <Enchantment_2.expiration>0</Enchantment_2.expiration>
    <Enchantment_2.chargesRemaining>0</Enchantment_2.chargesRemaining>
    <Enchantment_3.id>0</Enchantment_3.id>
    <Enchantment_3.expiration>0</Enchantment_3.expiration>
    <Enchantment_3.chargesRemaining>0</Enchantment_3.chargesRemaining>
    <Enchantment_4.id>0</Enchantment_4.id>
    <Enchantment_4.expiration>0</Enchantment_4.expiration>
    <Enchantment_4.chargesRemaining>0</Enchantment_4.chargesRemaining>
    <Enchantment_5.id>0</Enchantment_5.id>
    <Enchantment_5.expiration>0</Enchantment_5.expiration>
    <Enchantment_5.chargesRemaining>0</Enchantment_5.chargesRemaining>
    <Enchantment_6.id>0</Enchantment_6.id>
    <Enchantment_6.expiration>0</Enchantment_6.expiration>
    <Enchantment_6.chargesRemaining>0</Enchantment_6.chargesRemaining>
    <PropertySeed>0</PropertySeed>
    <PropertyID>0</PropertyID>
  </Item>
  <Item>
    <Item_ID>79</Item_ID>
    <OwnerID>2</OwnerID>
    <OwnerSlot>7</OwnerSlot>
    <TemplateID>4</TemplateID>
    <Creator>0</Creator>
    <StackCount>1</StackCount>
    <Expiration>0</Expiration>
    <SpellCharge_0>0</SpellCharge_0>
    <SpellCharge_1>0</SpellCharge_1>
    <SpellCharge_2>0</SpellCharge_2>
    <SpellCharge_3>0</SpellCharge_3>
    <SpellCharge_4>0</SpellCharge_4>
    <StaticFlags>0</StaticFlags>
    <DynamicFlags>0</DynamicFlags>
    <Enchantment_0.id>0</Enchantment_0.id>
    <Enchantment_0.expiration>0</Enchantment_0.expiration>
    <Enchantment_0.chargesRemaining>0</Enchantment_0.chargesRemaining>
    <Enchantment_1.id>0</Enchantment_1.id>
    <Enchantment_1.expiration>0</Enchantment_1.expiration>
    <Enchantment_1.chargesRemaining>0</Enchantment_1.chargesRemaining>
    <Enchantment_2.id>0</Enchantment_2.id>
    <Enchantment_2.expiration>0</Enchantment_2.expiration>
    <Enchantment_2.chargesRemaining>0</Enchantment_2.chargesRemaining>
    <Enchantment_3.id>0</Enchantment_3.id>
    <Enchantment_3.expiration>0</Enchantment_3.expiration>
    <Enchantment_3.chargesRemaining>0</Enchantment_3.chargesRemaining>
    <Enchantment_4.id>0</Enchantment_4.id>
    <Enchantment_4.expiration>0</Enchantment_4.expiration>
    <Enchantment_4.chargesRemaining>0</Enchantment_4.chargesRemaining>
    <Enchantment_5.id>0</Enchantment_5.id>
    <Enchantment_5.expiration>0</Enchantment_5.expiration>
    <Enchantment_5.chargesRemaining>0</Enchantment_5.chargesRemaining>
    <Enchantment_6.id>0</Enchantment_6.id>
    <Enchantment_6.expiration>0</Enchantment_6.expiration>
    <Enchantment_6.chargesRemaining>0</Enchantment_6.chargesRemaining>
    <PropertySeed>0</PropertySeed>
    <PropertyID>0</PropertyID>
  </Item>
  <Item>
    <Item_ID>80</Item_ID>
    <OwnerID>3</OwnerID>
    <OwnerSlot>15</OwnerSlot>
    <TemplateID>1</TemplateID>
    <Creator>0</Creator>
    <StackCount>1</StackCount>
    <Expiration>0</Expiration>
    <SpellCharge_0>0</SpellCharge_0>
    <SpellCharge_1>0</SpellCharge_1>
    <SpellCharge_2>0</SpellCharge_2>
    <SpellCharge_3>0</SpellCharge_3>
    <SpellCharge_4>0</SpellCharge_4>
    <StaticFlags>0</StaticFlags>
    <DynamicFlags>0</DynamicFlags>
    <Enchantment_0.id>0</Enchantment_0.id>
    <Enchantment_0.expiration>0</Enchantment_0.expiration>
    <Enchantment_0.chargesRemaining>0</Enchantment_0.chargesRemaining>
    <Enchantment_1.id>0</Enchantment_1.id>
    <Enchantment_1.expiration>0</Enchantment_1.expiration>
    <Enchantment_1.chargesRemaining>0</Enchantment_1.chargesRemaining>
    <Enchantment_2.id>0</Enchantment_2.id>
    <Enchantment_2.expiration>0</Enchantment_2.expiration>
    <Enchantment_2.chargesRemaining>0</Enchantment_2.chargesRemaining>
    <Enchantment_3.id>0</Enchantment_3.id>
    <Enchantment_3.expiration>0</Enchantment_3.expiration>
    <Enchantment_3.chargesRemaining>0</Enchantment_3.chargesRemaining>
    <Enchantment_4.id>0</Enchantment_4.id>
    <Enchantment_4.expiration>0</Enchantment_4.expiration>
    <Enchantment_4.chargesRemaining>0</Enchantment_4.chargesRemaining>
    <Enchantment_5.id>0</Enchantment_5.id>
    <Enchantment_5.expiration>0</Enchantment_5.expiration>
    <Enchantment_5.chargesRemaining>0</Enchantment_5.chargesRemaining>
    <Enchantment_6.id>0</Enchantment_6.id>
    <Enchantment_6.expiration>0</Enchantment_6.expiration>
    <Enchantment_6.chargesRemaining>0</Enchantment_6.chargesRemaining>
    <PropertySeed>0</PropertySeed>
    <PropertyID>0</PropertyID>
  </Item>
  <Item>
    <Item_ID>81</Item_ID>
    <OwnerID>3</OwnerID>
    <OwnerSlot>4</OwnerSlot>
    <TemplateID>2</TemplateID>
    <Creator>0</Creator>
    <StackCount>1</StackCount>
    <Expiration>0</Expiration>
    <SpellCharge_0>0</SpellCharge_0>
    <SpellCharge_1>0</SpellCharge_1>
    <SpellCharge_2>0</SpellCharge_2>
    <SpellCharge_3>0</SpellCharge_3>
    <SpellCharge_4>0</SpellCharge_4>
    <StaticFlags>0</StaticFlags>
    <DynamicFlags>0</DynamicFlags>
    <Enchantment_0.id>0</Enchantment_0.id>
    <Enchantment_0.expiration>0</Enchantment_0.expiration>
    <Enchantment_0.chargesRemaining>0</Enchantment_0.chargesRemaining>
    <Enchantment_1.id>0</Enchantment_1.id>
    <Enchantment_1.expiration>0</Enchantment_1.expiration>
    <Enchantment_1.chargesRemaining>0</Enchantment_1.chargesRemaining>
    <Enchantment_2.id>0</Enchantment_2.id>
    <Enchantment_2.expiration>0</Enchantment_2.expiration>
    <Enchantment_2.chargesRemaining>0</Enchantment_2.chargesRemaining>
    <Enchantment_3.id>0</Enchantment_3.id>
    <Enchantment_3.expiration>0</Enchantment_3.expiration>
    <Enchantment_3.chargesRemaining>0</Enchantment_3.chargesRemaining>
    <Enchantment_4.id>0</Enchantment_4.id>
    <Enchantment_4.expiration>0</Enchantment_4.expiration>
    <Enchantment_4.chargesRemaining>0</Enchantment_4.chargesRemaining>
    <Enchantment_5.id>0</Enchantment_5.id>
    <Enchantment_5.expiration>0</Enchantment_5.expiration>
    <Enchantment_5.chargesRemaining>0</Enchantment_5.chargesRemaining>
    <Enchantment_6.id>0</Enchantment_6.id>
    <Enchantment_6.expiration>0</Enchantment_6.expiration>
    <Enchantment_6.chargesRemaining>0</Enchantment_6.chargesRemaining>
    <PropertySeed>0</PropertySeed>
    <PropertyID>0</PropertyID>
  </Item>
  <Item>
    <Item_ID>82</Item_ID>
    <OwnerID>3</OwnerID>
    <OwnerSlot>6</OwnerSlot>
    <TemplateID>3</TemplateID>
    <Creator>0</Creator>
    <StackCount>1</StackCount>
    <Expiration>0</Expiration>
    <SpellCharge_0>0</SpellCharge_0>
    <SpellCharge_1>0</SpellCharge_1>
    <SpellCharge_2>0</SpellCharge_2>
    <SpellCharge_3>0</SpellCharge_3>
    <SpellCharge_4>0</SpellCharge_4>
    <StaticFlags>0</StaticFlags>
    <DynamicFlags>0</DynamicFlags>
    <Enchantment_0.id>0</Enchantment_0.id>
    <Enchantment_0.expiration>0</Enchantment_0.expiration>
    <Enchantment_0.chargesRemaining>0</Enchantment_0.chargesRemaining>
    <Enchantment_1.id>0</Enchantment_1.id>
    <Enchantment_1.expiration>0</Enchantment_1.expiration>
    <Enchantment_1.chargesRemaining>0</Enchantment_1.chargesRemaining>
    <Enchantment_2.id>0</Enchantment_2.id>
    <Enchantment_2.expiration>0</Enchantment_2.expiration>
    <Enchantment_2.chargesRemaining>0</Enchantment_2.chargesRemaining>
    <Enchantment_3.id>0</Enchantment_3.id>
    <Enchantment_3.expiration>0</Enchantment_3.expiration>
    <Enchantment_3.chargesRemaining>0</Enchantment_3.chargesRemaining>
    <Enchantment_4.id>0</Enchantment_4.id>
    <Enchantment_4.expiration>0</Enchantment_4.expiration>
    <Enchantment_4.chargesRemaining>0</Enchantment_4.chargesRemaining>
    <Enchantment_5.id>0</Enchantment_5.id>
    <Enchantment_5.expiration>0</Enchantment_5.expiration>
    <Enchantment_5.chargesRemaining>0</Enchantment_5.chargesRemaining>
    <Enchantment_6.id>0</Enchantment_6.id>
    <Enchantment_6.expiration>0</Enchantment_6.expiration>
    <Enchantment_6.chargesRemaining>0</Enchantment_6.chargesRemaining>
    <PropertySeed>0</PropertySeed>
    <PropertyID>0</PropertyID>
  </Item>
  <Item>
    <Item_ID>83</Item_ID>
    <OwnerID>3</OwnerID>
    <OwnerSlot>7</OwnerSlot>
    <TemplateID>4</TemplateID>
    <Creator>0</Creator>
    <StackCount>1</StackCount>
    <Expiration>0</Expiration>
    <SpellCharge_0>0</SpellCharge_0>
    <SpellCharge_1>0</SpellCharge_1>
    <SpellCharge_2>0</SpellCharge_2>
    <SpellCharge_3>0</SpellCharge_3>
    <SpellCharge_4>0</SpellCharge_4>
    <StaticFlags>0</StaticFlags>
    <DynamicFlags>0</DynamicFlags>
    <Enchantment_0.id>0</Enchantment_0.id>
    <Enchantment_0.expiration>0</Enchantment_0.expiration>
    <Enchantment_0.chargesRemaining>0</Enchantment_0.chargesRemaining>
    <Enchantment_1.id>0</Enchantment_1.id>
    <Enchantment_1.expiration>0</Enchantment_1.expiration>
    <Enchantment_1.chargesRemaining>0</Enchantment_1.chargesRemaining>
    <Enchantment_2.id>0</Enchantment_2.id>
    <Enchantment_2.expiration>0</Enchantment_2.expiration>
    <Enchantment_2.chargesRemaining>0</Enchantment_2.chargesRemaining>
    <Enchantment_3.id>0</Enchantment_3.id>
    <Enchantment_3.expiration>0</Enchantment_3.expiration>
    <Enchantment_3.chargesRemaining>0</Enchantment_3.chargesRemaining>
    <Enchantment_4.id>0</Enchantment_4.id>
    <Enchantment_4.expiration>0</Enchantment_4.expiration>
    <Enchantment_4.chargesRemaining>0</Enchantment_4.chargesRemaining>
    <Enchantment_5.id>0</Enchantment_5.id>
    <Enchantment_5.expiration>0</Enchantment_5.expiration>
    <Enchantment_5.chargesRemaining>0</Enchantment_5.chargesRemaining>
    <Enchantment_6.id>0</Enchantment_6.id>
    <Enchantment_6.expiration>0</Enchantment_6.expiration>
    <Enchantment_6.chargesRemaining>0</Enchantment_6.chargesRemaining>
    <PropertySeed>0</PropertySeed>
    <PropertyID>0</PropertyID>
  </Item>
  <Item>
    <Item_ID>84</Item_ID>
    <OwnerID>3</OwnerID>
    <OwnerSlot>16</OwnerSlot>
    <TemplateID>5</TemplateID>
    <Creator>0</Creator>
    <StackCount>1</StackCount>
    <Expiration>0</Expiration>
    <SpellCharge_0>0</SpellCharge_0>
    <SpellCharge_1>0</SpellCharge_1>
    <SpellCharge_2>0</SpellCharge_2>
    <SpellCharge_3>0</SpellCharge_3>
    <SpellCharge_4>0</SpellCharge_4>
    <StaticFlags>0</StaticFlags>
    <DynamicFlags>0</DynamicFlags>
    <Enchantment_0.id>0</Enchantment_0.id>
    <Enchantment_0.expiration>0</Enchantment_0.expiration>
    <Enchantment_0.chargesRemaining>0</Enchantment_0.chargesRemaining>
    <Enchantment_1.id>0</Enchantment_1.id>
    <Enchantment_1.expiration>0</Enchantment_1.expiration>
    <Enchantment_1.chargesRemaining>0</Enchantment_1.chargesRemaining>
    <Enchantment_2.id>0</Enchantment_2.id>
    <Enchantment_2.expiration>0</Enchantment_2.expiration>
    <Enchantment_2.chargesRemaining>0</Enchantment_2.chargesRemaining>
    <Enchantment_3.id>0</Enchantment_3.id>
    <Enchantment_3.expiration>0</Enchantment_3.expiration>
    <Enchantment_3.chargesRemaining>0</Enchantment_3.chargesRemaining>
    <Enchantment_4.id>0</Enchantment_4.id>
    <Enchantment_4.expiration>0</Enchantment_4.expiration>
    <Enchantment_4.chargesRemaining>0</Enchantment_4.chargesRemaining>
    <Enchantment_5.id>0</Enchantment_5.id>
    <Enchantment_5.expiration>0</Enchantment_5.expiration>
    <Enchantment_5.chargesRemaining>0</Enchantment_5.chargesRemaining>
    <Enchantment_6.id>0</Enchantment_6.id>
    <Enchantment_6.expiration>0</Enchantment_6.expiration>
    <Enchantment_6.chargesRemaining>0</Enchantment_6.chargesRemaining>
    <PropertySeed>0</PropertySeed>
    <PropertyID>0</PropertyID>
  </Item>
  <Item>
    <Item_ID>89</Item_ID>
    <OwnerID>2</OwnerID>
    <OwnerSlot>15</OwnerSlot>
    <TemplateID>1</TemplateID>
    <Creator>0</Creator>
    <StackCount>1</StackCount>
    <Expiration>0</Expiration>
    <SpellCharge_0>0</SpellCharge_0>
    <SpellCharge_1>0</SpellCharge_1>
    <SpellCharge_2>0</SpellCharge_2>
    <SpellCharge_3>0</SpellCharge_3>
    <SpellCharge_4>0</SpellCharge_4>
    <StaticFlags>0</StaticFlags>
    <DynamicFlags>0</DynamicFlags>
    <Enchantment_0.id>0</Enchantment_0.id>
    <Enchantment_0.expiration>0</Enchantment_0.expiration>
    <Enchantment_0.chargesRemaining>0</Enchantment_0.chargesRemaining>
    <Enchantment_1.id>0</Enchantment_1.id>
    <Enchantment_1.expiration>0</Enchantment_1.expiration>
    <Enchantment_1.chargesRemaining>0</Enchantment_1.chargesRemaining>
    <Enchantment_2.id>0</Enchantment_2.id>
    <Enchantment_2.expiration>0</Enchantment_2.expiration>
    <Enchantment_2.chargesRemaining>0</Enchantment_2.chargesRemaining>
    <Enchantment_3.id>0</Enchantment_3.id>
    <Enchantment_3.expiration>0</Enchantment_3.expiration>
    <Enchantment_3.chargesRemaining>0</Enchantment_3.chargesRemaining>
    <Enchantment_4.id>0</Enchantment_4.id>
    <Enchantment_4.expiration>0</Enchantment_4.expiration>
    <Enchantment_4.chargesRemaining>0</Enchantment_4.chargesRemaining>
    <Enchantment_5.id>0</Enchantment_5.id>
    <Enchantment_5.expiration>0</Enchantment_5.expiration>
    <Enchantment_5.chargesRemaining>0</Enchantment_5.chargesRemaining>
    <Enchantment_6.id>0</Enchantment_6.id>
    <Enchantment_6.expiration>0</Enchantment_6.expiration>
    <Enchantment_6.chargesRemaining>0</Enchantment_6.chargesRemaining>
    <PropertySeed>0</PropertySeed>
    <PropertyID>0</PropertyID>
  </Item>
  <Item>
    <Item_ID>90</Item_ID>
    <OwnerID>2</OwnerID>
    <OwnerSlot>4</OwnerSlot>
    <TemplateID>2</TemplateID>
    <Creator>0</Creator>
    <StackCount>1</StackCount>
    <Expiration>0</Expiration>
    <SpellCharge_0>0</SpellCharge_0>
    <SpellCharge_1>0</SpellCharge_1>
    <SpellCharge_2>0</SpellCharge_2>
    <SpellCharge_3>0</SpellCharge_3>
    <SpellCharge_4>0</SpellCharge_4>
    <StaticFlags>0</StaticFlags>
    <DynamicFlags>0</DynamicFlags>
    <Enchantment_0.id>0</Enchantment_0.id>
    <Enchantment_0.expiration>0</Enchantment_0.expiration>
    <Enchantment_0.chargesRemaining>0</Enchantment_0.chargesRemaining>
    <Enchantment_1.id>0</Enchantment_1.id>
    <Enchantment_1.expiration>0</Enchantment_1.expiration>
    <Enchantment_1.chargesRemaining>0</Enchantment_1.chargesRemaining>
    <Enchantment_2.id>0</Enchantment_2.id>
    <Enchantment_2.expiration>0</Enchantment_2.expiration>
    <Enchantment_2.chargesRemaining>0</Enchantment_2.chargesRemaining>
    <Enchantment_3.id>0</Enchantment_3.id>
    <Enchantment_3.expiration>0</Enchantment_3.expiration>
    <Enchantment_3.chargesRemaining>0</Enchantment_3.chargesRemaining>
    <Enchantment_4.id>0</Enchantment_4.id>
    <Enchantment_4.expiration>0</Enchantment_4.expiration>
    <Enchantment_4.chargesRemaining>0</Enchantment_4.chargesRemaining>
    <Enchantment_5.id>0</Enchantment_5.id>
    <Enchantment_5.expiration>0</Enchantment_5.expiration>
    <Enchantment_5.chargesRemaining>0</Enchantment_5.chargesRemaining>
    <Enchantment_6.id>0</Enchantment_6.id>
    <Enchantment_6.expiration>0</Enchantment_6.expiration>
    <Enchantment_6.chargesRemaining>0</Enchantment_6.chargesRemaining>
    <PropertySeed>0</PropertySeed>
    <PropertyID>0</PropertyID>
  </Item>
  <Item>
    <Item_ID>91</Item_ID>
    <OwnerID>2</OwnerID>
    <OwnerSlot>6</OwnerSlot>
    <TemplateID>3</TemplateID>
    <Creator>0</Creator>
    <StackCount>1</StackCount>
    <Expiration>0</Expiration>
    <SpellCharge_0>0</SpellCharge_0>
    <SpellCharge_1>0</SpellCharge_1>
    <SpellCharge_2>0</SpellCharge_2>
    <SpellCharge_3>0</SpellCharge_3>
    <SpellCharge_4>0</SpellCharge_4>
    <StaticFlags>0</StaticFlags>
    <DynamicFlags>0</DynamicFlags>
    <Enchantment_0.id>0</Enchantment_0.id>
    <Enchantment_0.expiration>0</Enchantment_0.expiration>
    <Enchantment_0.chargesRemaining>0</Enchantment_0.chargesRemaining>
    <Enchantment_1.id>0</Enchantment_1.id>
    <Enchantment_1.expiration>0</Enchantment_1.expiration>
    <Enchantment_1.chargesRemaining>0</Enchantment_1.chargesRemaining>
    <Enchantment_2.id>0</Enchantment_2.id>
    <Enchantment_2.expiration>0</Enchantment_2.expiration>
    <Enchantment_2.chargesRemaining>0</Enchantment_2.chargesRemaining>
    <Enchantment_3.id>0</Enchantment_3.id>
    <Enchantment_3.expiration>0</Enchantment_3.expiration>
    <Enchantment_3.chargesRemaining>0</Enchantment_3.chargesRemaining>
    <Enchantment_4.id>0</Enchantment_4.id>
    <Enchantment_4.expiration>0</Enchantment_4.expiration>
    <Enchantment_4.chargesRemaining>0</Enchantment_4.chargesRemaining>
    <Enchantment_5.id>0</Enchantment_5.id>
    <Enchantment_5.expiration>0</Enchantment_5.expiration>
    <Enchantment_5.chargesRemaining>0</Enchantment_5.chargesRemaining>
    <Enchantment_6.id>0</Enchantment_6.id>
    <Enchantment_6.expiration>0</Enchantment_6.expiration>
    <Enchantment_6.chargesRemaining>0</Enchantment_6.chargesRemaining>
    <PropertySeed>0</PropertySeed>
    <PropertyID>0</PropertyID>
  </Item>
  <Item>
    <Item_ID>92</Item_ID>
    <OwnerID>2</OwnerID>
    <OwnerSlot>7</OwnerSlot>
    <TemplateID>4</TemplateID>
    <Creator>0</Creator>
    <StackCount>1</StackCount>
    <Expiration>0</Expiration>
    <SpellCharge_0>0</SpellCharge_0>
    <SpellCharge_1>0</SpellCharge_1>
    <SpellCharge_2>0</SpellCharge_2>
    <SpellCharge_3>0</SpellCharge_3>
    <SpellCharge_4>0</SpellCharge_4>
    <StaticFlags>0</StaticFlags>
    <DynamicFlags>0</DynamicFlags>
    <Enchantment_0.id>0</Enchantment_0.id>
    <Enchantment_0.expiration>0</Enchantment_0.expiration>
    <Enchantment_0.chargesRemaining>0</Enchantment_0.chargesRemaining>
    <Enchantment_1.id>0</Enchantment_1.id>
    <Enchantment_1.expiration>0</Enchantment_1.expiration>
    <Enchantment_1.chargesRemaining>0</Enchantment_1.chargesRemaining>
    <Enchantment_2.id>0</Enchantment_2.id>
    <Enchantment_2.expiration>0</Enchantment_2.expiration>
    <Enchantment_2.chargesRemaining>0</Enchantment_2.chargesRemaining>
    <Enchantment_3.id>0</Enchantment_3.id>
    <Enchantment_3.expiration>0</Enchantment_3.expiration>
    <Enchantment_3.chargesRemaining>0</Enchantment_3.chargesRemaining>
    <Enchantment_4.id>0</Enchantment_4.id>
    <Enchantment_4.expiration>0</Enchantment_4.expiration>
    <Enchantment_4.chargesRemaining>0</Enchantment_4.chargesRemaining>
    <Enchantment_5.id>0</Enchantment_5.id>
    <Enchantment_5.expiration>0</Enchantment_5.expiration>
    <Enchantment_5.chargesRemaining>0</Enchantment_5.chargesRemaining>
    <Enchantment_6.id>0</Enchantment_6.id>
    <Enchantment_6.expiration>0</Enchantment_6.expiration>
    <Enchantment_6.chargesRemaining>0</Enchantment_6.chargesRemaining>
    <PropertySeed>0</PropertySeed>
    <PropertyID>0</PropertyID>
  </Item>
  <Item>
    <Item_ID>93</Item_ID>
    <OwnerID>2</OwnerID>
    <OwnerSlot>16</OwnerSlot>
    <TemplateID>5</TemplateID>
    <Creator>0</Creator>
    <StackCount>1</StackCount>
    <Expiration>0</Expiration>
    <SpellCharge_0>0</SpellCharge_0>
    <SpellCharge_1>0</SpellCharge_1>
    <SpellCharge_2>0</SpellCharge_2>
    <SpellCharge_3>0</SpellCharge_3>
    <SpellCharge_4>0</SpellCharge_4>
    <StaticFlags>0</StaticFlags>
    <DynamicFlags>0</DynamicFlags>
    <Enchantment_0.id>0</Enchantment_0.id>
    <Enchantment_0.expiration>0</Enchantment_0.expiration>
    <Enchantment_0.chargesRemaining>0</Enchantment_0.chargesRemaining>
    <Enchantment_1.id>0</Enchantment_1.id>
    <Enchantment_1.expiration>0</Enchantment_1.expiration>
    <Enchantment_1.chargesRemaining>0</Enchantment_1.chargesRemaining>
    <Enchantment_2.id>0</Enchantment_2.id>
    <Enchantment_2.expiration>0</Enchantment_2.expiration>
    <Enchantment_2.chargesRemaining>0</Enchantment_2.chargesRemaining>
    <Enchantment_3.id>0</Enchantment_3.id>
    <Enchantment_3.expiration>0</Enchantment_3.expiration>
    <Enchantment_3.chargesRemaining>0</Enchantment_3.chargesRemaining>
    <Enchantment_4.id>0</Enchantment_4.id>
    <Enchantment_4.expiration>0</Enchantment_4.expiration>
    <Enchantment_4.chargesRemaining>0</Enchantment_4.chargesRemaining>
    <Enchantment_5.id>0</Enchantment_5.id>
    <Enchantment_5.expiration>0</Enchantment_5.expiration>
    <Enchantment_5.chargesRemaining>0</Enchantment_5.chargesRemaining>
    <Enchantment_6.id>0</Enchantment_6.id>
    <Enchantment_6.expiration>0</Enchantment_6.expiration>
    <Enchantment_6.chargesRemaining>0</Enchantment_6.chargesRemaining>
    <PropertySeed>0</PropertySeed>
    <PropertyID>0</PropertyID>
  </Item>
  <Item>
    <Item_ID>98</Item_ID>
    <OwnerID>2</OwnerID>
    <OwnerSlot>15</OwnerSlot>
    <TemplateID>1</TemplateID>
    <Creator>0</Creator>
    <StackCount>1</StackCount>
    <Expiration>0</Expiration>
    <SpellCharge_0>0</SpellCharge_0>
    <SpellCharge_1>0</SpellCharge_1>
    <SpellCharge_2>0</SpellCharge_2>
    <SpellCharge_3>0</SpellCharge_3>
    <SpellCharge_4>0</SpellCharge_4>
    <StaticFlags>0</StaticFlags>
    <DynamicFlags>0</DynamicFlags>
    <Enchantment_0.id>0</Enchantment_0.id>
    <Enchantment_0.expiration>0</Enchantment_0.expiration>
    <Enchantment_0.chargesRemaining>0</Enchantment_0.chargesRemaining>
    <Enchantment_1.id>0</Enchantment_1.id>
    <Enchantment_1.expiration>0</Enchantment_1.expiration>
    <Enchantment_1.chargesRemaining>0</Enchantment_1.chargesRemaining>
    <Enchantment_2.id>0</Enchantment_2.id>
    <Enchantment_2.expiration>0</Enchantment_2.expiration>
    <Enchantment_2.chargesRemaining>0</Enchantment_2.chargesRemaining>
    <Enchantment_3.id>0</Enchantment_3.id>
    <Enchantment_3.expiration>0</Enchantment_3.expiration>
    <Enchantment_3.chargesRemaining>0</Enchantment_3.chargesRemaining>
    <Enchantment_4.id>0</Enchantment_4.id>
    <Enchantment_4.expiration>0</Enchantment_4.expiration>
    <Enchantment_4.chargesRemaining>0</Enchantment_4.chargesRemaining>
    <Enchantment_5.id>0</Enchantment_5.id>
    <Enchantment_5.expiration>0</Enchantment_5.expiration>
    <Enchantment_5.chargesRemaining>0</Enchantment_5.chargesRemaining>
    <Enchantment_6.id>0</Enchantment_6.id>
    <Enchantment_6.expiration>0</Enchantment_6.expiration>
    <Enchantment_6.chargesRemaining>0</Enchantment_6.chargesRemaining>
    <PropertySeed>0</PropertySeed>
    <PropertyID>0</PropertyID>
  </Item>
  <Item>
    <Item_ID>99</Item_ID>
    <OwnerID>2</OwnerID>
    <OwnerSlot>4</OwnerSlot>
    <TemplateID>2</TemplateID>
    <Creator>0</Creator>
    <StackCount>1</StackCount>
    <Expiration>0</Expiration>
    <SpellCharge_0>0</SpellCharge_0>
    <SpellCharge_1>0</SpellCharge_1>
    <SpellCharge_2>0</SpellCharge_2>
    <SpellCharge_3>0</SpellCharge_3>
    <SpellCharge_4>0</SpellCharge_4>
    <StaticFlags>0</StaticFlags>
    <DynamicFlags>0</DynamicFlags>
    <Enchantment_0.id>0</Enchantment_0.id>
    <Enchantment_0.expiration>0</Enchantment_0.expiration>
    <Enchantment_0.chargesRemaining>0</Enchantment_0.chargesRemaining>
    <Enchantment_1.id>0</Enchantment_1.id>
    <Enchantment_1.expiration>0</Enchantment_1.expiration>
    <Enchantment_1.chargesRemaining>0</Enchantment_1.chargesRemaining>
    <Enchantment_2.id>0</Enchantment_2.id>
    <Enchantment_2.expiration>0</Enchantment_2.expiration>
    <Enchantment_2.chargesRemaining>0</Enchantment_2.chargesRemaining>
    <Enchantment_3.id>0</Enchantment_3.id>
    <Enchantment_3.expiration>0</Enchantment_3.expiration>
    <Enchantment_3.chargesRemaining>0</Enchantment_3.chargesRemaining>
    <Enchantment_4.id>0</Enchantment_4.id>
    <Enchantment_4.expiration>0</Enchantment_4.expiration>
    <Enchantment_4.chargesRemaining>0</Enchantment_4.chargesRemaining>
    <Enchantment_5.id>0</Enchantment_5.id>
    <Enchantment_5.expiration>0</Enchantment_5.expiration>
    <Enchantment_5.chargesRemaining>0</Enchantment_5.chargesRemaining>
    <Enchantment_6.id>0</Enchantment_6.id>
    <Enchantment_6.expiration>0</Enchantment_6.expiration>
    <Enchantment_6.chargesRemaining>0</Enchantment_6.chargesRemaining>
    <PropertySeed>0</PropertySeed>
    <PropertyID>0</PropertyID>
  </Item>
  <Item>
    <Item_ID>100</Item_ID>
    <OwnerID>2</OwnerID>
    <OwnerSlot>6</OwnerSlot>
    <TemplateID>3</TemplateID>
    <Creator>0</Creator>
    <StackCount>1</StackCount>
    <Expiration>0</Expiration>
    <SpellCharge_0>0</SpellCharge_0>
    <SpellCharge_1>0</SpellCharge_1>
    <SpellCharge_2>0</SpellCharge_2>
    <SpellCharge_3>0</SpellCharge_3>
    <SpellCharge_4>0</SpellCharge_4>
    <StaticFlags>0</StaticFlags>
    <DynamicFlags>0</DynamicFlags>
    <Enchantment_0.id>0</Enchantment_0.id>
    <Enchantment_0.expiration>0</Enchantment_0.expiration>
    <Enchantment_0.chargesRemaining>0</Enchantment_0.chargesRemaining>
    <Enchantment_1.id>0</Enchantment_1.id>
    <Enchantment_1.expiration>0</Enchantment_1.expiration>
    <Enchantment_1.chargesRemaining>0</Enchantment_1.chargesRemaining>
    <Enchantment_2.id>0</Enchantment_2.id>
    <Enchantment_2.expiration>0</Enchantment_2.expiration>
    <Enchantment_2.chargesRemaining>0</Enchantment_2.chargesRemaining>
    <Enchantment_3.id>0</Enchantment_3.id>
    <Enchantment_3.expiration>0</Enchantment_3.expiration>
    <Enchantment_3.chargesRemaining>0</Enchantment_3.chargesRemaining>
    <Enchantment_4.id>0</Enchantment_4.id>
    <Enchantment_4.expiration>0</Enchantment_4.expiration>
    <Enchantment_4.chargesRemaining>0</Enchantment_4.chargesRemaining>
    <Enchantment_5.id>0</Enchantment_5.id>
    <Enchantment_5.expiration>0</Enchantment_5.expiration>
    <Enchantment_5.chargesRemaining>0</Enchantment_5.chargesRemaining>
    <Enchantment_6.id>0</Enchantment_6.id>
    <Enchantment_6.expiration>0</Enchantment_6.expiration>
    <Enchantment_6.chargesRemaining>0</Enchantment_6.chargesRemaining>
    <PropertySeed>0</PropertySeed>
    <PropertyID>0</PropertyID>
  </Item>
  <Item>
    <Item_ID>101</Item_ID>
    <OwnerID>2</OwnerID>
    <OwnerSlot>7</OwnerSlot>
    <TemplateID>4</TemplateID>
    <Creator>0</Creator>
    <StackCount>1</StackCount>
    <Expiration>0</Expiration>
    <SpellCharge_0>0</SpellCharge_0>
    <SpellCharge_1>0</SpellCharge_1>
    <SpellCharge_2>0</SpellCharge_2>
    <SpellCharge_3>0</SpellCharge_3>
    <SpellCharge_4>0</SpellCharge_4>
    <StaticFlags>0</StaticFlags>
    <DynamicFlags>0</DynamicFlags>
    <Enchantment_0.id>0</Enchantment_0.id>
    <Enchantment_0.expiration>0</Enchantment_0.expiration>
    <Enchantment_0.chargesRemaining>0</Enchantment_0.chargesRemaining>
    <Enchantment_1.id>0</Enchantment_1.id>
    <Enchantment_1.expiration>0</Enchantment_1.expiration>
    <Enchantment_1.chargesRemaining>0</Enchantment_1.chargesRemaining>
    <Enchantment_2.id>0</Enchantment_2.id>
    <Enchantment_2.expiration>0</Enchantment_2.expiration>
    <Enchantment_2.chargesRemaining>0</Enchantment_2.chargesRemaining>
    <Enchantment_3.id>0</Enchantment_3.id>
    <Enchantment_3.expiration>0</Enchantment_3.expiration>
    <Enchantment_3.chargesRemaining>0</Enchantment_3.chargesRemaining>
    <Enchantment_4.id>0</Enchantment_4.id>
    <Enchantment_4.expiration>0</Enchantment_4.expiration>
    <Enchantment_4.chargesRemaining>0</Enchantment_4.chargesRemaining>
    <Enchantment_5.id>0</Enchantment_5.id>
    <Enchantment_5.expiration>0</Enchantment_5.expiration>
    <Enchantment_5.chargesRemaining>0</Enchantment_5.chargesRemaining>
    <Enchantment_6.id>0</Enchantment_6.id>
    <Enchantment_6.expiration>0</Enchantment_6.expiration>
    <Enchantment_6.chargesRemaining>0</Enchantment_6.chargesRemaining>
    <PropertySeed>0</PropertySeed>
    <PropertyID>0</PropertyID>
  </Item>
  <Item>
    <Item_ID>102</Item_ID>
    <OwnerID>2</OwnerID>
    <OwnerSlot>16</OwnerSlot>
    <TemplateID>5</TemplateID>
    <Creator>0</Creator>
    <StackCount>1</StackCount>
    <Expiration>0</Expiration>
    <SpellCharge_0>0</SpellCharge_0>
    <SpellCharge_1>0</SpellCharge_1>
    <SpellCharge_2>0</SpellCharge_2>
    <SpellCharge_3>0</SpellCharge_3>
    <SpellCharge_4>0</SpellCharge_4>
    <StaticFlags>0</StaticFlags>
    <DynamicFlags>0</DynamicFlags>
    <Enchantment_0.id>0</Enchantment_0.id>
    <Enchantment_0.expiration>0</Enchantment_0.expiration>
    <Enchantment_0.chargesRemaining>0</Enchantment_0.chargesRemaining>
    <Enchantment_1.id>0</Enchantment_1.id>
    <Enchantment_1.expiration>0</Enchantment_1.expiration>
    <Enchantment_1.chargesRemaining>0</Enchantment_1.chargesRemaining>
    <Enchantment_2.id>0</Enchantment_2.id>
    <Enchantment_2.expiration>0</Enchantment_2.expiration>
    <Enchantment_2.chargesRemaining>0</Enchantment_2.chargesRemaining>
    <Enchantment_3.id>0</Enchantment_3.id>
    <Enchantment_3.expiration>0</Enchantment_3.expiration>
    <Enchantment_3.chargesRemaining>0</Enchantment_3.chargesRemaining>
    <Enchantment_4.id>0</Enchantment_4.id>
    <Enchantment_4.expiration>0</Enchantment_4.expiration>
    <Enchantment_4.chargesRemaining>0</Enchantment_4.chargesRemaining>
    <Enchantment_5.id>0</Enchantment_5.id>
    <Enchantment_5.expiration>0</Enchantment_5.expiration>
    <Enchantment_5.chargesRemaining>0</Enchantment_5.chargesRemaining>
    <Enchantment_6.id>0</Enchantment_6.id>
    <Enchantment_6.expiration>0</Enchantment_6.expiration>
    <Enchantment_6.chargesRemaining>0</Enchantment_6.chargesRemaining>
    <PropertySeed>0</PropertySeed>
    <PropertyID>0</PropertyID>
  </Item>
  <Item>
    <Item_ID>113</Item_ID>
    <OwnerID>2</OwnerID>
    <OwnerSlot>15</OwnerSlot>
    <TemplateID>1</TemplateID>
    <Creator>0</Creator>
    <StackCount>1</StackCount>
    <Expiration>0</Expiration>
    <SpellCharge_0>0</SpellCharge_0>
    <SpellCharge_1>0</SpellCharge_1>
    <SpellCharge_2>0</SpellCharge_2>
    <SpellCharge_3>0</SpellCharge_3>
    <SpellCharge_4>0</SpellCharge_4>
    <StaticFlags>0</StaticFlags>
    <DynamicFlags>0</DynamicFlags>
    <Enchantment_0.id>0</Enchantment_0.id>
    <Enchantment_0.expiration>0</Enchantment_0.expiration>
    <Enchantment_0.chargesRemaining>0</Enchantment_0.chargesRemaining>
    <Enchantment_1.id>0</Enchantment_1.id>
    <Enchantment_1.expiration>0</Enchantment_1.expiration>
    <Enchantment_1.chargesRemaining>0</Enchantment_1.chargesRemaining>
    <Enchantment_2.id>0</Enchantment_2.id>
    <Enchantment_2.expiration>0</Enchantment_2.expiration>
    <Enchantment_2.chargesRemaining>0</Enchantment_2.chargesRemaining>
    <Enchantment_3.id>0</Enchantment_3.id>
    <Enchantment_3.expiration>0</Enchantment_3.expiration>
    <Enchantment_3.chargesRemaining>0</Enchantment_3.chargesRemaining>
    <Enchantment_4.id>0</Enchantment_4.id>
    <Enchantment_4.expiration>0</Enchantment_4.expiration>
    <Enchantment_4.chargesRemaining>0</Enchantment_4.chargesRemaining>
    <Enchantment_5.id>0</Enchantment_5.id>
    <Enchantment_5.expiration>0</Enchantment_5.expiration>
    <Enchantment_5.chargesRemaining>0</Enchantment_5.chargesRemaining>
    <Enchantment_6.id>0</Enchantment_6.id>
    <Enchantment_6.expiration>0</Enchantment_6.expiration>
    <Enchantment_6.chargesRemaining>0</Enchantment_6.chargesRemaining>
    <PropertySeed>0</PropertySeed>
    <PropertyID>0</PropertyID>
  </Item>
  <Item>
    <Item_ID>114</Item_ID>
    <OwnerID>2</OwnerID>
    <OwnerSlot>4</OwnerSlot>
    <TemplateID>2</TemplateID>
    <Creator>0</Creator>
    <StackCount>1</StackCount>
    <Expiration>0</Expiration>
    <SpellCharge_0>0</SpellCharge_0>
    <SpellCharge_1>0</SpellCharge_1>
    <SpellCharge_2>0</SpellCharge_2>
    <SpellCharge_3>0</SpellCharge_3>
    <SpellCharge_4>0</SpellCharge_4>
    <StaticFlags>0</StaticFlags>
    <DynamicFlags>0</DynamicFlags>
    <Enchantment_0.id>0</Enchantment_0.id>
    <Enchantment_0.expiration>0</Enchantment_0.expiration>
    <Enchantment_0.chargesRemaining>0</Enchantment_0.chargesRemaining>
    <Enchantment_1.id>0</Enchantment_1.id>
    <Enchantment_1.expiration>0</Enchantment_1.expiration>
    <Enchantment_1.chargesRemaining>0</Enchantment_1.chargesRemaining>
    <Enchantment_2.id>0</Enchantment_2.id>
    <Enchantment_2.expiration>0</Enchantment_2.expiration>
    <Enchantment_2.chargesRemaining>0</Enchantment_2.chargesRemaining>
    <Enchantment_3.id>0</Enchantment_3.id>
    <Enchantment_3.expiration>0</Enchantment_3.expiration>
    <Enchantment_3.chargesRemaining>0</Enchantment_3.chargesRemaining>
    <Enchantment_4.id>0</Enchantment_4.id>
    <Enchantment_4.expiration>0</Enchantment_4.expiration>
    <Enchantment_4.chargesRemaining>0</Enchantment_4.chargesRemaining>
    <Enchantment_5.id>0</Enchantment_5.id>
    <Enchantment_5.expiration>0</Enchantment_5.expiration>
    <Enchantment_5.chargesRemaining>0</Enchantment_5.chargesRemaining>
    <Enchantment_6.id>0</Enchantment_6.id>
    <Enchantment_6.expiration>0</Enchantment_6.expiration>
    <Enchantment_6.chargesRemaining>0</Enchantment_6.chargesRemaining>
    <PropertySeed>0</PropertySeed>
    <PropertyID>0</PropertyID>
  </Item>
  <Item>
    <Item_ID>115</Item_ID>
    <OwnerID>2</OwnerID>
    <OwnerSlot>6</OwnerSlot>
    <TemplateID>3</TemplateID>
    <Creator>0</Creator>
    <StackCount>1</StackCount>
    <Expiration>0</Expiration>
    <SpellCharge_0>0</SpellCharge_0>
    <SpellCharge_1>0</SpellCharge_1>
    <SpellCharge_2>0</SpellCharge_2>
    <SpellCharge_3>0</SpellCharge_3>
    <SpellCharge_4>0</SpellCharge_4>
    <StaticFlags>0</StaticFlags>
    <DynamicFlags>0</DynamicFlags>
    <Enchantment_0.id>0</Enchantment_0.id>
    <Enchantment_0.expiration>0</Enchantment_0.expiration>
    <Enchantment_0.chargesRemaining>0</Enchantment_0.chargesRemaining>
    <Enchantment_1.id>0</Enchantment_1.id>
    <Enchantment_1.expiration>0</Enchantment_1.expiration>
    <Enchantment_1.chargesRemaining>0</Enchantment_1.chargesRemaining>
    <Enchantment_2.id>0</Enchantment_2.id>
    <Enchantment_2.expiration>0</Enchantment_2.expiration>
    <Enchantment_2.chargesRemaining>0</Enchantment_2.chargesRemaining>
    <Enchantment_3.id>0</Enchantment_3.id>
    <Enchantment_3.expiration>0</Enchantment_3.expiration>
    <Enchantment_3.chargesRemaining>0</Enchantment_3.chargesRemaining>
    <Enchantment_4.id>0</Enchantment_4.id>
    <Enchantment_4.expiration>0</Enchantment_4.expiration>
    <Enchantment_4.chargesRemaining>0</Enchantment_4.chargesRemaining>
    <Enchantment_5.id>0</Enchantment_5.id>
    <Enchantment_5.expiration>0</Enchantment_5.expiration>
    <Enchantment_5.chargesRemaining>0</Enchantment_5.chargesRemaining>
    <Enchantment_6.id>0</Enchantment_6.id>
    <Enchantment_6.expiration>0</Enchantment_6.expiration>
    <Enchantment_6.chargesRemaining>0</Enchantment_6.chargesRemaining>
    <PropertySeed>0</PropertySeed>
    <PropertyID>0</PropertyID>
  </Item>
  <Item>
    <Item_ID>116</Item_ID>
    <OwnerID>2</OwnerID>
    <OwnerSlot>7</OwnerSlot>
    <TemplateID>4</TemplateID>
    <Creator>0</Creator>
    <StackCount>1</StackCount>
    <Expiration>0</Expiration>
    <SpellCharge_0>0</SpellCharge_0>
    <SpellCharge_1>0</SpellCharge_1>
    <SpellCharge_2>0</SpellCharge_2>
    <SpellCharge_3>0</SpellCharge_3>
    <SpellCharge_4>0</SpellCharge_4>
    <StaticFlags>0</StaticFlags>
    <DynamicFlags>0</DynamicFlags>
    <Enchantment_0.id>0</Enchantment_0.id>
    <Enchantment_0.expiration>0</Enchantment_0.expiration>
    <Enchantment_0.chargesRemaining>0</Enchantment_0.chargesRemaining>
    <Enchantment_1.id>0</Enchantment_1.id>
    <Enchantment_1.expiration>0</Enchantment_1.expiration>
    <Enchantment_1.chargesRemaining>0</Enchantment_1.chargesRemaining>
    <Enchantment_2.id>0</Enchantment_2.id>
    <Enchantment_2.expiration>0</Enchantment_2.expiration>
    <Enchantment_2.chargesRemaining>0</Enchantment_2.chargesRemaining>
    <Enchantment_3.id>0</Enchantment_3.id>
    <Enchantment_3.expiration>0</Enchantment_3.expiration>
    <Enchantment_3.chargesRemaining>0</Enchantment_3.chargesRemaining>
    <Enchantment_4.id>0</Enchantment_4.id>
    <Enchantment_4.expiration>0</Enchantment_4.expiration>
    <Enchantment_4.chargesRemaining>0</Enchantment_4.chargesRemaining>
    <Enchantment_5.id>0</Enchantment_5.id>
    <Enchantment_5.expiration>0</Enchantment_5.expiration>
    <Enchantment_5.chargesRemaining>0</Enchantment_5.chargesRemaining>
    <Enchantment_6.id>0</Enchantment_6.id>
    <Enchantment_6.expiration>0</Enchantment_6.expiration>
    <Enchantment_6.chargesRemaining>0</Enchantment_6.chargesRemaining>
    <PropertySeed>0</PropertySeed>
    <PropertyID>0</PropertyID>
  </Item>
  <Item>
    <Item_ID>117</Item_ID>
    <OwnerID>1</OwnerID>
    <OwnerSlot>15</OwnerSlot>
    <TemplateID>1</TemplateID>
    <Creator>0</Creator>
    <StackCount>1</StackCount>
    <Expiration>0</Expiration>
    <SpellCharge_0>0</SpellCharge_0>
    <SpellCharge_1>0</SpellCharge_1>
    <SpellCharge_2>0</SpellCharge_2>
    <SpellCharge_3>0</SpellCharge_3>
    <SpellCharge_4>0</SpellCharge_4>
    <StaticFlags>0</StaticFlags>
    <DynamicFlags>0</DynamicFlags>
    <Enchantment_0.id>0</Enchantment_0.id>
    <Enchantment_0.expiration>0</Enchantment_0.expiration>
    <Enchantment_0.chargesRemaining>0</Enchantment_0.chargesRemaining>
    <Enchantment_1.id>0</Enchantment_1.id>
    <Enchantment_1.expiration>0</Enchantment_1.expiration>
    <Enchantment_1.chargesRemaining>0</Enchantment_1.chargesRemaining>
    <Enchantment_2.id>0</Enchantment_2.id>
    <Enchantment_2.expiration>0</Enchantment_2.expiration>
    <Enchantment_2.chargesRemaining>0</Enchantment_2.chargesRemaining>
    <Enchantment_3.id>0</Enchantment_3.id>
    <Enchantment_3.expiration>0</Enchantment_3.expiration>
    <Enchantment_3.chargesRemaining>0</Enchantment_3.chargesRemaining>
    <Enchantment_4.id>0</Enchantment_4.id>
    <Enchantment_4.expiration>0</Enchantment_4.expiration>
    <Enchantment_4.chargesRemaining>0</Enchantment_4.chargesRemaining>
    <Enchantment_5.id>0</Enchantment_5.id>
    <Enchantment_5.expiration>0</Enchantment_5.expiration>
    <Enchantment_5.chargesRemaining>0</Enchantment_5.chargesRemaining>
    <Enchantment_6.id>0</Enchantment_6.id>
    <Enchantment_6.expiration>0</Enchantment_6.expiration>
    <Enchantment_6.chargesRemaining>0</Enchantment_6.chargesRemaining>
    <PropertySeed>0</PropertySeed>
    <PropertyID>0</PropertyID>
  </Item>
  <Item>
    <Item_ID>118</Item_ID>
    <OwnerID>1</OwnerID>
    <OwnerSlot>4</OwnerSlot>
    <TemplateID>2</TemplateID>
    <Creator>0</Creator>
    <StackCount>1</StackCount>
    <Expiration>0</Expiration>
    <SpellCharge_0>0</SpellCharge_0>
    <SpellCharge_1>0</SpellCharge_1>
    <SpellCharge_2>0</SpellCharge_2>
    <SpellCharge_3>0</SpellCharge_3>
    <SpellCharge_4>0</SpellCharge_4>
    <StaticFlags>0</StaticFlags>
    <DynamicFlags>0</DynamicFlags>
    <Enchantment_0.id>0</Enchantment_0.id>
    <Enchantment_0.expiration>0</Enchantment_0.expiration>
    <Enchantment_0.chargesRemaining>0</Enchantment_0.chargesRemaining>
    <Enchantment_1.id>0</Enchantment_1.id>
    <Enchantment_1.expiration>0</Enchantment_1.expiration>
    <Enchantment_1.chargesRemaining>0</Enchantment_1.chargesRemaining>
    <Enchantment_2.id>0</Enchantment_2.id>
    <Enchantment_2.expiration>0</Enchantment_2.expiration>
    <Enchantment_2.chargesRemaining>0</Enchantment_2.chargesRemaining>
    <Enchantment_3.id>0</Enchantment_3.id>
    <Enchantment_3.expiration>0</Enchantment_3.expiration>
    <Enchantment_3.chargesRemaining>0</Enchantment_3.chargesRemaining>
    <Enchantment_4.id>0</Enchantment_4.id>
    <Enchantment_4.expiration>0</Enchantment_4.expiration>
    <Enchantment_4.chargesRemaining>0</Enchantment_4.chargesRemaining>
    <Enchantment_5.id>0</Enchantment_5.id>
    <Enchantment_5.expiration>0</Enchantment_5.expiration>
    <Enchantment_5.chargesRemaining>0</Enchantment_5.chargesRemaining>
    <Enchantment_6.id>0</Enchantment_6.id>
    <Enchantment_6.expiration>0</Enchantment_6.expiration>
    <Enchantment_6.chargesRemaining>0</Enchantment_6.chargesRemaining>
    <PropertySeed>0</PropertySeed>
    <PropertyID>0</PropertyID>
  </Item>
  <Item>
    <Item_ID>119</Item_ID>
    <OwnerID>1</OwnerID>
    <OwnerSlot>6</OwnerSlot>
    <TemplateID>3</TemplateID>
    <Creator>0</Creator>
    <StackCount>1</StackCount>
    <Expiration>0</Expiration>
    <SpellCharge_0>0</SpellCharge_0>
    <SpellCharge_1>0</SpellCharge_1>
    <SpellCharge_2>0</SpellCharge_2>
    <SpellCharge_3>0</SpellCharge_3>
    <SpellCharge_4>0</SpellCharge_4>
    <StaticFlags>0</StaticFlags>
    <DynamicFlags>0</DynamicFlags>
    <Enchantment_0.id>0</Enchantment_0.id>
    <Enchantment_0.expiration>0</Enchantment_0.expiration>
    <Enchantment_0.chargesRemaining>0</Enchantment_0.chargesRemaining>
    <Enchantment_1.id>0</Enchantment_1.id>
    <Enchantment_1.expiration>0</Enchantment_1.expiration>
    <Enchantment_1.chargesRemaining>0</Enchantment_1.chargesRemaining>
    <Enchantment_2.id>0</Enchantment_2.id>
    <Enchantment_2.expiration>0</Enchantment_2.expiration>
    <Enchantment_2.chargesRemaining>0</Enchantment_2.chargesRemaining>
    <Enchantment_3.id>0</Enchantment_3.id>
    <Enchantment_3.expiration>0</Enchantment_3.expiration>
    <Enchantment_3.chargesRemaining>0</Enchantment_3.chargesRemaining>
    <Enchantment_4.id>0</Enchantment_4.id>
    <Enchantment_4.expiration>0</Enchantment_4.expiration>
    <Enchantment_4.chargesRemaining>0</Enchantment_4.chargesRemaining>
    <Enchantment_5.id>0</Enchantment_5.id>
    <Enchantment_5.expiration>0</Enchantment_5.expiration>
    <Enchantment_5.chargesRemaining>0</Enchantment_5.chargesRemaining>
    <Enchantment_6.id>0</Enchantment_6.id>
    <Enchantment_6.expiration>0</Enchantment_6.expiration>
    <Enchantment_6.chargesRemaining>0</Enchantment_6.chargesRemaining>
    <PropertySeed>0</PropertySeed>
    <PropertyID>0</PropertyID>
  </Item>
  <Item>
    <Item_ID>120</Item_ID>
    <OwnerID>1</OwnerID>
    <OwnerSlot>7</OwnerSlot>
    <TemplateID>4</TemplateID>
    <Creator>0</Creator>
    <StackCount>1</StackCount>
    <Expiration>0</Expiration>
    <SpellCharge_0>0</SpellCharge_0>
    <SpellCharge_1>0</SpellCharge_1>
    <SpellCharge_2>0</SpellCharge_2>
    <SpellCharge_3>0</SpellCharge_3>
    <SpellCharge_4>0</SpellCharge_4>
    <StaticFlags>0</StaticFlags>
    <DynamicFlags>0</DynamicFlags>
    <Enchantment_0.id>0</Enchantment_0.id>
    <Enchantment_0.expiration>0</Enchantment_0.expiration>
    <Enchantment_0.chargesRemaining>0</Enchantment_0.chargesRemaining>
    <Enchantment_1.id>0</Enchantment_1.id>
    <Enchantment_1.expiration>0</Enchantment_1.expiration>
    <Enchantment_1.chargesRemaining>0</Enchantment_1.chargesRemaining>
    <Enchantment_2.id>0</Enchantment_2.id>
    <Enchantment_2.expiration>0</Enchantment_2.expiration>
    <Enchantment_2.chargesRemaining>0</Enchantment_2.chargesRemaining>
    <Enchantment_3.id>0</Enchantment_3.id>
    <Enchantment_3.expiration>0</Enchantment_3.expiration>
    <Enchantment_3.chargesRemaining>0</Enchantment_3.chargesRemaining>
    <Enchantment_4.id>0</Enchantment_4.id>
    <Enchantment_4.expiration>0</Enchantment_4.expiration>
    <Enchantment_4.chargesRemaining>0</Enchantment_4.chargesRemaining>
    <Enchantment_5.id>0</Enchantment_5.id>
    <Enchantment_5.expiration>0</Enchantment_5.expiration>
    <Enchantment_5.chargesRemaining>0</Enchantment_5.chargesRemaining>
    <Enchantment_6.id>0</Enchantment_6.id>
    <Enchantment_6.expiration>0</Enchantment_6.expiration>
    <Enchantment_6.chargesRemaining>0</Enchantment_6.chargesRemaining>
    <PropertySeed>0</PropertySeed>
    <PropertyID>0</PropertyID>
  </Item>
  <Item>
    <Item_ID>121</Item_ID>
    <OwnerID>1</OwnerID>
    <OwnerSlot>16</OwnerSlot>
    <TemplateID>5</TemplateID>
    <Creator>0</Creator>
    <StackCount>1</StackCount>
    <Expiration>0</Expiration>
    <SpellCharge_0>0</SpellCharge_0>
    <SpellCharge_1>0</SpellCharge_1>
    <SpellCharge_2>0</SpellCharge_2>
    <SpellCharge_3>0</SpellCharge_3>
    <SpellCharge_4>0</SpellCharge_4>
    <StaticFlags>0</StaticFlags>
    <DynamicFlags>0</DynamicFlags>
    <Enchantment_0.id>0</Enchantment_0.id>
    <Enchantment_0.expiration>0</Enchantment_0.expiration>
    <Enchantment_0.chargesRemaining>0</Enchantment_0.chargesRemaining>
    <Enchantment_1.id>0</Enchantment_1.id>
    <Enchantment_1.expiration>0</Enchantment_1.expiration>
    <Enchantment_1.chargesRemaining>0</Enchantment_1.chargesRemaining>
    <Enchantment_2.id>0</Enchantment_2.id>
    <Enchantment_2.expiration>0</Enchantment_2.expiration>
    <Enchantment_2.chargesRemaining>0</Enchantment_2.chargesRemaining>
    <Enchantment_3.id>0</Enchantment_3.id>
    <Enchantment_3.expiration>0</Enchantment_3.expiration>
    <Enchantment_3.chargesRemaining>0</Enchantment_3.chargesRemaining>
    <Enchantment_4.id>0</Enchantment_4.id>
    <Enchantment_4.expiration>0</Enchantment_4.expiration>
    <Enchantment_4.chargesRemaining>0</Enchantment_4.chargesRemaining>
    <Enchantment_5.id>0</Enchantment_5.id>
    <Enchantment_5.expiration>0</Enchantment_5.expiration>
    <Enchantment_5.chargesRemaining>0</Enchantment_5.chargesRemaining>
    <Enchantment_6.id>0</Enchantment_6.id>
    <Enchantment_6.expiration>0</Enchantment_6.expiration>
    <Enchantment_6.chargesRemaining>0</Enchantment_6.chargesRemaining>
    <PropertySeed>0</PropertySeed>
    <PropertyID>0</PropertyID>
  </Item>
  <Item>
    <Item_ID>122</Item_ID>
    <OwnerID>1</OwnerID>
    <OwnerSlot>15</OwnerSlot>
    <TemplateID>1</TemplateID>
    <Creator>0</Creator>
    <StackCount>1</StackCount>
    <Expiration>0</Expiration>
    <SpellCharge_0>0</SpellCharge_0>
    <SpellCharge_1>0</SpellCharge_1>
    <SpellCharge_2>0</SpellCharge_2>
    <SpellCharge_3>0</SpellCharge_3>
    <SpellCharge_4>0</SpellCharge_4>
    <StaticFlags>0</StaticFlags>
    <DynamicFlags>0</DynamicFlags>
    <Enchantment_0.id>0</Enchantment_0.id>
    <Enchantment_0.expiration>0</Enchantment_0.expiration>
    <Enchantment_0.chargesRemaining>0</Enchantment_0.chargesRemaining>
    <Enchantment_1.id>0</Enchantment_1.id>
    <Enchantment_1.expiration>0</Enchantment_1.expiration>
    <Enchantment_1.chargesRemaining>0</Enchantment_1.chargesRemaining>
    <Enchantment_2.id>0</Enchantment_2.id>
    <Enchantment_2.expiration>0</Enchantment_2.expiration>
    <Enchantment_2.chargesRemaining>0</Enchantment_2.chargesRemaining>
    <Enchantment_3.id>0</Enchantment_3.id>
    <Enchantment_3.expiration>0</Enchantment_3.expiration>
    <Enchantment_3.chargesRemaining>0</Enchantment_3.chargesRemaining>
    <Enchantment_4.id>0</Enchantment_4.id>
    <Enchantment_4.expiration>0</Enchantment_4.expiration>
    <Enchantment_4.chargesRemaining>0</Enchantment_4.chargesRemaining>
    <Enchantment_5.id>0</Enchantment_5.id>
    <Enchantment_5.expiration>0</Enchantment_5.expiration>
    <Enchantment_5.chargesRemaining>0</Enchantment_5.chargesRemaining>
    <Enchantment_6.id>0</Enchantment_6.id>
    <Enchantment_6.expiration>0</Enchantment_6.expiration>
    <Enchantment_6.chargesRemaining>0</Enchantment_6.chargesRemaining>
    <PropertySeed>0</PropertySeed>
    <PropertyID>0</PropertyID>
  </Item>
  <Item>
    <Item_ID>123</Item_ID>
    <OwnerID>1</OwnerID>
    <OwnerSlot>4</OwnerSlot>
    <TemplateID>2</TemplateID>
    <Creator>0</Creator>
    <StackCount>1</StackCount>
    <Expiration>0</Expiration>
    <SpellCharge_0>0</SpellCharge_0>
    <SpellCharge_1>0</SpellCharge_1>
    <SpellCharge_2>0</SpellCharge_2>
    <SpellCharge_3>0</SpellCharge_3>
    <SpellCharge_4>0</SpellCharge_4>
    <StaticFlags>0</StaticFlags>
    <DynamicFlags>0</DynamicFlags>
    <Enchantment_0.id>0</Enchantment_0.id>
    <Enchantment_0.expiration>0</Enchantment_0.expiration>
    <Enchantment_0.chargesRemaining>0</Enchantment_0.chargesRemaining>
    <Enchantment_1.id>0</Enchantment_1.id>
    <Enchantment_1.expiration>0</Enchantment_1.expiration>
    <Enchantment_1.chargesRemaining>0</Enchantment_1.chargesRemaining>
    <Enchantment_2.id>0</Enchantment_2.id>
    <Enchantment_2.expiration>0</Enchantment_2.expiration>
    <Enchantment_2.chargesRemaining>0</Enchantment_2.chargesRemaining>
    <Enchantment_3.id>0</Enchantment_3.id>
    <Enchantment_3.expiration>0</Enchantment_3.expiration>
    <Enchantment_3.chargesRemaining>0</Enchantment_3.chargesRemaining>
    <Enchantment_4.id>0</Enchantment_4.id>
    <Enchantment_4.expiration>0</Enchantment_4.expiration>
    <Enchantment_4.chargesRemaining>0</Enchantment_4.chargesRemaining>
    <Enchantment_5.id>0</Enchantment_5.id>
    <Enchantment_5.expiration>0</Enchantment_5.expiration>
    <Enchantment_5.chargesRemaining>0</Enchantment_5.chargesRemaining>
    <Enchantment_6.id>0</Enchantment_6.id>
    <Enchantment_6.expiration>0</Enchantment_6.expiration>
    <Enchantment_6.chargesRemaining>0</Enchantment_6.chargesRemaining>
    <PropertySeed>0</PropertySeed>
    <PropertyID>0</PropertyID>
  </Item>
  <Item>
    <Item_ID>124</Item_ID>
    <OwnerID>1</OwnerID>
    <OwnerSlot>6</OwnerSlot>
    <TemplateID>3</TemplateID>
    <Creator>0</Creator>
    <StackCount>1</StackCount>
    <Expiration>0</Expiration>
    <SpellCharge_0>0</SpellCharge_0>
    <SpellCharge_1>0</SpellCharge_1>
    <SpellCharge_2>0</SpellCharge_2>
    <SpellCharge_3>0</SpellCharge_3>
    <SpellCharge_4>0</SpellCharge_4>
    <StaticFlags>0</StaticFlags>
    <DynamicFlags>0</DynamicFlags>
    <Enchantment_0.id>0</Enchantment_0.id>
    <Enchantment_0.expiration>0</Enchantment_0.expiration>
    <Enchantment_0.chargesRemaining>0</Enchantment_0.chargesRemaining>
    <Enchantment_1.id>0</Enchantment_1.id>
    <Enchantment_1.expiration>0</Enchantment_1.expiration>
    <Enchantment_1.chargesRemaining>0</Enchantment_1.chargesRemaining>
    <Enchantment_2.id>0</Enchantment_2.id>
    <Enchantment_2.expiration>0</Enchantment_2.expiration>
    <Enchantment_2.chargesRemaining>0</Enchantment_2.chargesRemaining>
    <Enchantment_3.id>0</Enchantment_3.id>
    <Enchantment_3.expiration>0</Enchantment_3.expiration>
    <Enchantment_3.chargesRemaining>0</Enchantment_3.chargesRemaining>
    <Enchantment_4.id>0</Enchantment_4.id>
    <Enchantment_4.expiration>0</Enchantment_4.expiration>
    <Enchantment_4.chargesRemaining>0</Enchantment_4.chargesRemaining>
    <Enchantment_5.id>0</Enchantment_5.id>
    <Enchantment_5.expiration>0</Enchantment_5.expiration>
    <Enchantment_5.chargesRemaining>0</Enchantment_5.chargesRemaining>
    <Enchantment_6.id>0</Enchantment_6.id>
    <Enchantment_6.expiration>0</Enchantment_6.expiration>
    <Enchantment_6.chargesRemaining>0</Enchantment_6.chargesRemaining>
    <PropertySeed>0</PropertySeed>
    <PropertyID>0</PropertyID>
  </Item>
  <Item>
    <Item_ID>125</Item_ID>
    <OwnerID>1</OwnerID>
    <OwnerSlot>7</OwnerSlot>
    <TemplateID>4</TemplateID>
    <Creator>0</Creator>
    <StackCount>1</StackCount>
    <Expiration>0</Expiration>
    <SpellCharge_0>0</SpellCharge_0>
    <SpellCharge_1>0</SpellCharge_1>
    <SpellCharge_2>0</SpellCharge_2>
    <SpellCharge_3>0</SpellCharge_3>
    <SpellCharge_4>0</SpellCharge_4>
    <StaticFlags>0</StaticFlags>
    <DynamicFlags>0</DynamicFlags>
    <Enchantment_0.id>0</Enchantment_0.id>
    <Enchantment_0.expiration>0</Enchantment_0.expiration>
    <Enchantment_0.chargesRemaining>0</Enchantment_0.chargesRemaining>
    <Enchantment_1.id>0</Enchantment_1.id>
    <Enchantment_1.expiration>0</Enchantment_1.expiration>
    <Enchantment_1.chargesRemaining>0</Enchantment_1.chargesRemaining>
    <Enchantment_2.id>0</Enchantment_2.id>
    <Enchantment_2.expiration>0</Enchantment_2.expiration>
    <Enchantment_2.chargesRemaining>0</Enchantment_2.chargesRemaining>
    <Enchantment_3.id>0</Enchantment_3.id>
    <Enchantment_3.expiration>0</Enchantment_3.expiration>
    <Enchantment_3.chargesRemaining>0</Enchantment_3.chargesRemaining>
    <Enchantment_4.id>0</Enchantment_4.id>
    <Enchantment_4.expiration>0</Enchantment_4.expiration>
    <Enchantment_4.chargesRemaining>0</Enchantment_4.chargesRemaining>
    <Enchantment_5.id>0</Enchantment_5.id>
    <Enchantment_5.expiration>0</Enchantment_5.expiration>
    <Enchantment_5.chargesRemaining>0</Enchantment_5.chargesRemaining>
    <Enchantment_6.id>0</Enchantment_6.id>
    <Enchantment_6.expiration>0</Enchantment_6.expiration>
    <Enchantment_6.chargesRemaining>0</Enchantment_6.chargesRemaining>
    <PropertySeed>0</PropertySeed>
    <PropertyID>0</PropertyID>
  </Item>
  <Item>
    <Item_ID>126</Item_ID>
    <OwnerID>1</OwnerID>
    <OwnerSlot>16</OwnerSlot>
    <TemplateID>5</TemplateID>
    <Creator>0</Creator>
    <StackCount>1</StackCount>
    <Expiration>0</Expiration>
    <SpellCharge_0>0</SpellCharge_0>
    <SpellCharge_1>0</SpellCharge_1>
    <SpellCharge_2>0</SpellCharge_2>
    <SpellCharge_3>0</SpellCharge_3>
    <SpellCharge_4>0</SpellCharge_4>
    <StaticFlags>0</StaticFlags>
    <DynamicFlags>0</DynamicFlags>
    <Enchantment_0.id>0</Enchantment_0.id>
    <Enchantment_0.expiration>0</Enchantment_0.expiration>
    <Enchantment_0.chargesRemaining>0</Enchantment_0.chargesRemaining>
    <Enchantment_1.id>0</Enchantment_1.id>
    <Enchantment_1.expiration>0</Enchantment_1.expiration>
    <Enchantment_1.chargesRemaining>0</Enchantment_1.chargesRemaining>
    <Enchantment_2.id>0</Enchantment_2.id>
    <Enchantment_2.expiration>0</Enchantment_2.expiration>
    <Enchantment_2.chargesRemaining>0</Enchantment_2.chargesRemaining>
    <Enchantment_3.id>0</Enchantment_3.id>
    <Enchantment_3.expiration>0</Enchantment_3.expiration>
    <Enchantment_3.chargesRemaining>0</Enchantment_3.chargesRemaining>
    <Enchantment_4.id>0</Enchantment_4.id>
    <Enchantment_4.expiration>0</Enchantment_4.expiration>
    <Enchantment_4.chargesRemaining>0</Enchantment_4.chargesRemaining>
    <Enchantment_5.id>0</Enchantment_5.id>
    <Enchantment_5.expiration>0</Enchantment_5.expiration>
    <Enchantment_5.chargesRemaining>0</Enchantment_5.chargesRemaining>
    <Enchantment_6.id>0</Enchantment_6.id>
    <Enchantment_6.expiration>0</Enchantment_6.expiration>
    <Enchantment_6.chargesRemaining>0</Enchantment_6.chargesRemaining>
    <PropertySeed>0</PropertySeed>
    <PropertyID>0</PropertyID>
  </Item>
  <Item>
    <Item_ID>127</Item_ID>
    <OwnerID>2</OwnerID>
    <OwnerSlot>15</OwnerSlot>
    <TemplateID>1</TemplateID>
    <Creator>0</Creator>
    <StackCount>1</StackCount>
    <Expiration>0</Expiration>
    <SpellCharge_0>0</SpellCharge_0>
    <SpellCharge_1>0</SpellCharge_1>
    <SpellCharge_2>0</SpellCharge_2>
    <SpellCharge_3>0</SpellCharge_3>
    <SpellCharge_4>0</SpellCharge_4>
    <StaticFlags>0</StaticFlags>
    <DynamicFlags>0</DynamicFlags>
    <Enchantment_0.id>0</Enchantment_0.id>
    <Enchantment_0.expiration>0</Enchantment_0.expiration>
    <Enchantment_0.chargesRemaining>0</Enchantment_0.chargesRemaining>
    <Enchantment_1.id>0</Enchantment_1.id>
    <Enchantment_1.expiration>0</Enchantment_1.expiration>
    <Enchantment_1.chargesRemaining>0</Enchantment_1.chargesRemaining>
    <Enchantment_2.id>0</Enchantment_2.id>
    <Enchantment_2.expiration>0</Enchantment_2.expiration>
    <Enchantment_2.chargesRemaining>0</Enchantment_2.chargesRemaining>
    <Enchantment_3.id>0</Enchantment_3.id>
    <Enchantment_3.expiration>0</Enchantment_3.expiration>
    <Enchantment_3.chargesRemaining>0</Enchantment_3.chargesRemaining>
    <Enchantment_4.id>0</Enchantment_4.id>
    <Enchantment_4.expiration>0</Enchantment_4.expiration>
    <Enchantment_4.chargesRemaining>0</Enchantment_4.chargesRemaining>
    <Enchantment_5.id>0</Enchantment_5.id>
    <Enchantment_5.expiration>0</Enchantment_5.expiration>
    <Enchantment_5.chargesRemaining>0</Enchantment_5.chargesRemaining>
    <Enchantment_6.id>0</Enchantment_6.id>
    <Enchantment_6.expiration>0</Enchantment_6.expiration>
    <Enchantment_6.chargesRemaining>0</Enchantment_6.chargesRemaining>
    <PropertySeed>0</PropertySeed>
    <PropertyID>0</PropertyID>
  </Item>
  <Item>
    <Item_ID>128</Item_ID>
    <OwnerID>2</OwnerID>
    <OwnerSlot>4</OwnerSlot>
    <TemplateID>2</TemplateID>
    <Creator>0</Creator>
    <StackCount>1</StackCount>
    <Expiration>0</Expiration>
    <SpellCharge_0>0</SpellCharge_0>
    <SpellCharge_1>0</SpellCharge_1>
    <SpellCharge_2>0</SpellCharge_2>
    <SpellCharge_3>0</SpellCharge_3>
    <SpellCharge_4>0</SpellCharge_4>
    <StaticFlags>0</StaticFlags>
    <DynamicFlags>0</DynamicFlags>
    <Enchantment_0.id>0</Enchantment_0.id>
    <Enchantment_0.expiration>0</Enchantment_0.expiration>
    <Enchantment_0.chargesRemaining>0</Enchantment_0.chargesRemaining>
    <Enchantment_1.id>0</Enchantment_1.id>
    <Enchantment_1.expiration>0</Enchantment_1.expiration>
    <Enchantment_1.chargesRemaining>0</Enchantment_1.chargesRemaining>
    <Enchantment_2.id>0</Enchantment_2.id>
    <Enchantment_2.expiration>0</Enchantment_2.expiration>
    <Enchantment_2.chargesRemaining>0</Enchantment_2.chargesRemaining>
    <Enchantment_3.id>0</Enchantment_3.id>
    <Enchantment_3.expiration>0</Enchantment_3.expiration>
    <Enchantment_3.chargesRemaining>0</Enchantment_3.chargesRemaining>
    <Enchantment_4.id>0</Enchantment_4.id>
    <Enchantment_4.expiration>0</Enchantment_4.expiration>
    <Enchantment_4.chargesRemaining>0</Enchantment_4.chargesRemaining>
    <Enchantment_5.id>0</Enchantment_5.id>
    <Enchantment_5.expiration>0</Enchantment_5.expiration>
    <Enchantment_5.chargesRemaining>0</Enchantment_5.chargesRemaining>
    <Enchantment_6.id>0</Enchantment_6.id>
    <Enchantment_6.expiration>0</Enchantment_6.expiration>
    <Enchantment_6.chargesRemaining>0</Enchantment_6.chargesRemaining>
    <PropertySeed>0</PropertySeed>
    <PropertyID>0</PropertyID>
  </Item>
  <Item>
    <Item_ID>129</Item_ID>
    <OwnerID>2</OwnerID>
    <OwnerSlot>6</OwnerSlot>
    <TemplateID>3</TemplateID>
    <Creator>0</Creator>
    <StackCount>1</StackCount>
    <Expiration>0</Expiration>
    <SpellCharge_0>0</SpellCharge_0>
    <SpellCharge_1>0</SpellCharge_1>
    <SpellCharge_2>0</SpellCharge_2>
    <SpellCharge_3>0</SpellCharge_3>
    <SpellCharge_4>0</SpellCharge_4>
    <StaticFlags>0</StaticFlags>
    <DynamicFlags>0</DynamicFlags>
    <Enchantment_0.id>0</Enchantment_0.id>
    <Enchantment_0.expiration>0</Enchantment_0.expiration>
    <Enchantment_0.chargesRemaining>0</Enchantment_0.chargesRemaining>
    <Enchantment_1.id>0</Enchantment_1.id>
    <Enchantment_1.expiration>0</Enchantment_1.expiration>
    <Enchantment_1.chargesRemaining>0</Enchantment_1.chargesRemaining>
    <Enchantment_2.id>0</Enchantment_2.id>
    <Enchantment_2.expiration>0</Enchantment_2.expiration>
    <Enchantment_2.chargesRemaining>0</Enchantment_2.chargesRemaining>
    <Enchantment_3.id>0</Enchantment_3.id>
    <Enchantment_3.expiration>0</Enchantment_3.expiration>
    <Enchantment_3.chargesRemaining>0</Enchantment_3.chargesRemaining>
    <Enchantment_4.id>0</Enchantment_4.id>
    <Enchantment_4.expiration>0</Enchantment_4.expiration>
    <Enchantment_4.chargesRemaining>0</Enchantment_4.chargesRemaining>
    <Enchantment_5.id>0</Enchantment_5.id>
    <Enchantment_5.expiration>0</Enchantment_5.expiration>
    <Enchantment_5.chargesRemaining>0</Enchantment_5.chargesRemaining>
    <Enchantment_6.id>0</Enchantment_6.id>
    <Enchantment_6.expiration>0</Enchantment_6.expiration>
    <Enchantment_6.chargesRemaining>0</Enchantment_6.chargesRemaining>
    <PropertySeed>0</PropertySeed>
    <PropertyID>0</PropertyID>
  </Item>
  <Item>
    <Item_ID>130</Item_ID>
    <OwnerID>2</OwnerID>
    <OwnerSlot>7</OwnerSlot>
    <TemplateID>4</TemplateID>
    <Creator>0</Creator>
    <StackCount>1</StackCount>
    <Expiration>0</Expiration>
    <SpellCharge_0>0</SpellCharge_0>
    <SpellCharge_1>0</SpellCharge_1>
    <SpellCharge_2>0</SpellCharge_2>
    <SpellCharge_3>0</SpellCharge_3>
    <SpellCharge_4>0</SpellCharge_4>
    <StaticFlags>0</StaticFlags>
    <DynamicFlags>0</DynamicFlags>
    <Enchantment_0.id>0</Enchantment_0.id>
    <Enchantment_0.expiration>0</Enchantment_0.expiration>
    <Enchantment_0.chargesRemaining>0</Enchantment_0.chargesRemaining>
    <Enchantment_1.id>0</Enchantment_1.id>
    <Enchantment_1.expiration>0</Enchantment_1.expiration>
    <Enchantment_1.chargesRemaining>0</Enchantment_1.chargesRemaining>
    <Enchantment_2.id>0</Enchantment_2.id>
    <Enchantment_2.expiration>0</Enchantment_2.expiration>
    <Enchantment_2.chargesRemaining>0</Enchantment_2.chargesRemaining>
    <Enchantment_3.id>0</Enchantment_3.id>
    <Enchantment_3.expiration>0</Enchantment_3.expiration>
    <Enchantment_3.chargesRemaining>0</Enchantment_3.chargesRemaining>
    <Enchantment_4.id>0</Enchantment_4.id>
    <Enchantment_4.expiration>0</Enchantment_4.expiration>
    <Enchantment_4.chargesRemaining>0</Enchantment_4.chargesRemaining>
    <Enchantment_5.id>0</Enchantment_5.id>
    <Enchantment_5.expiration>0</Enchantment_5.expiration>
    <Enchantment_5.chargesRemaining>0</Enchantment_5.chargesRemaining>
    <Enchantment_6.id>0</Enchantment_6.id>
    <Enchantment_6.expiration>0</Enchantment_6.expiration>
    <Enchantment_6.chargesRemaining>0</Enchantment_6.chargesRemaining>
    <PropertySeed>0</PropertySeed>
    <PropertyID>0</PropertyID>
  </Item>
  <Item>
    <Item_ID>131</Item_ID>
    <OwnerID>1</OwnerID>
    <OwnerSlot>15</OwnerSlot>
    <TemplateID>1</TemplateID>
    <Creator>0</Creator>
    <StackCount>1</StackCount>
    <Expiration>0</Expiration>
    <SpellCharge_0>0</SpellCharge_0>
    <SpellCharge_1>0</SpellCharge_1>
    <SpellCharge_2>0</SpellCharge_2>
    <SpellCharge_3>0</SpellCharge_3>
    <SpellCharge_4>0</SpellCharge_4>
    <StaticFlags>0</StaticFlags>
    <DynamicFlags>0</DynamicFlags>
    <Enchantment_0.id>0</Enchantment_0.id>
    <Enchantment_0.expiration>0</Enchantment_0.expiration>
    <Enchantment_0.chargesRemaining>0</Enchantment_0.chargesRemaining>
    <Enchantment_1.id>0</Enchantment_1.id>
    <Enchantment_1.expiration>0</Enchantment_1.expiration>
    <Enchantment_1.chargesRemaining>0</Enchantment_1.chargesRemaining>
    <Enchantment_2.id>0</Enchantment_2.id>
    <Enchantment_2.expiration>0</Enchantment_2.expiration>
    <Enchantment_2.chargesRemaining>0</Enchantment_2.chargesRemaining>
    <Enchantment_3.id>0</Enchantment_3.id>
    <Enchantment_3.expiration>0</Enchantment_3.expiration>
    <Enchantment_3.chargesRemaining>0</Enchantment_3.chargesRemaining>
    <Enchantment_4.id>0</Enchantment_4.id>
    <Enchantment_4.expiration>0</Enchantment_4.expiration>
    <Enchantment_4.chargesRemaining>0</Enchantment_4.chargesRemaining>
    <Enchantment_5.id>0</Enchantment_5.id>
    <Enchantment_5.expiration>0</Enchantment_5.expiration>
    <Enchantment_5.chargesRemaining>0</Enchantment_5.chargesRemaining>
    <Enchantment_6.id>0</Enchantment_6.id>
    <Enchantment_6.expiration>0</Enchantment_6.expiration>
    <Enchantment_6.chargesRemaining>0</Enchantment_6.chargesRemaining>
    <PropertySeed>0</PropertySeed>
    <PropertyID>0</PropertyID>
  </Item>
  <Item>
    <Item_ID>132</Item_ID>
    <OwnerID>1</OwnerID>
    <OwnerSlot>4</OwnerSlot>
    <TemplateID>2</TemplateID>
    <Creator>0</Creator>
    <StackCount>1</StackCount>
    <Expiration>0</Expiration>
    <SpellCharge_0>0</SpellCharge_0>
    <SpellCharge_1>0</SpellCharge_1>
    <SpellCharge_2>0</SpellCharge_2>
    <SpellCharge_3>0</SpellCharge_3>
    <SpellCharge_4>0</SpellCharge_4>
    <StaticFlags>0</StaticFlags>
    <DynamicFlags>0</DynamicFlags>
    <Enchantment_0.id>0</Enchantment_0.id>
    <Enchantment_0.expiration>0</Enchantment_0.expiration>
    <Enchantment_0.chargesRemaining>0</Enchantment_0.chargesRemaining>
    <Enchantment_1.id>0</Enchantment_1.id>
    <Enchantment_1.expiration>0</Enchantment_1.expiration>
    <Enchantment_1.chargesRemaining>0</Enchantment_1.chargesRemaining>
    <Enchantment_2.id>0</Enchantment_2.id>
    <Enchantment_2.expiration>0</Enchantment_2.expiration>
    <Enchantment_2.chargesRemaining>0</Enchantment_2.chargesRemaining>
    <Enchantment_3.id>0</Enchantment_3.id>
    <Enchantment_3.expiration>0</Enchantment_3.expiration>
    <Enchantment_3.chargesRemaining>0</Enchantment_3.chargesRemaining>
    <Enchantment_4.id>0</Enchantment_4.id>
    <Enchantment_4.expiration>0</Enchantment_4.expiration>
    <Enchantment_4.chargesRemaining>0</Enchantment_4.chargesRemaining>
    <Enchantment_5.id>0</Enchantment_5.id>
    <Enchantment_5.expiration>0</Enchantment_5.expiration>
    <Enchantment_5.chargesRemaining>0</Enchantment_5.chargesRemaining>
    <Enchantment_6.id>0</Enchantment_6.id>
    <Enchantment_6.expiration>0</Enchantment_6.expiration>
    <Enchantment_6.chargesRemaining>0</Enchantment_6.chargesRemaining>
    <PropertySeed>0</PropertySeed>
    <PropertyID>0</PropertyID>
  </Item>
  <Item>
    <Item_ID>133</Item_ID>
    <OwnerID>1</OwnerID>
    <OwnerSlot>6</OwnerSlot>
    <TemplateID>3</TemplateID>
    <Creator>0</Creator>
    <StackCount>1</StackCount>
    <Expiration>0</Expiration>
    <SpellCharge_0>0</SpellCharge_0>
    <SpellCharge_1>0</SpellCharge_1>
    <SpellCharge_2>0</SpellCharge_2>
    <SpellCharge_3>0</SpellCharge_3>
    <SpellCharge_4>0</SpellCharge_4>
    <StaticFlags>0</StaticFlags>
    <DynamicFlags>0</DynamicFlags>
    <Enchantment_0.id>0</Enchantment_0.id>
    <Enchantment_0.expiration>0</Enchantment_0.expiration>
    <Enchantment_0.chargesRemaining>0</Enchantment_0.chargesRemaining>
    <Enchantment_1.id>0</Enchantment_1.id>
    <Enchantment_1.expiration>0</Enchantment_1.expiration>
    <Enchantment_1.chargesRemaining>0</Enchantment_1.chargesRemaining>
    <Enchantment_2.id>0</Enchantment_2.id>
    <Enchantment_2.expiration>0</Enchantment_2.expiration>
    <Enchantment_2.chargesRemaining>0</Enchantment_2.chargesRemaining>
    <Enchantment_3.id>0</Enchantment_3.id>
    <Enchantment_3.expiration>0</Enchantment_3.expiration>
    <Enchantment_3.chargesRemaining>0</Enchantment_3.chargesRemaining>
    <Enchantment_4.id>0</Enchantment_4.id>
    <Enchantment_4.expiration>0</Enchantment_4.expiration>
    <Enchantment_4.chargesRemaining>0</Enchantment_4.chargesRemaining>
    <Enchantment_5.id>0</Enchantment_5.id>
    <Enchantment_5.expiration>0</Enchantment_5.expiration>
    <Enchantment_5.chargesRemaining>0</Enchantment_5.chargesRemaining>
    <Enchantment_6.id>0</Enchantment_6.id>
    <Enchantment_6.expiration>0</Enchantment_6.expiration>
    <Enchantment_6.chargesRemaining>0</Enchantment_6.chargesRemaining>
    <PropertySeed>0</PropertySeed>
    <PropertyID>0</PropertyID>
  </Item>
  <Item>
    <Item_ID>134</Item_ID>
    <OwnerID>1</OwnerID>
    <OwnerSlot>7</OwnerSlot>
    <TemplateID>4</TemplateID>
    <Creator>0</Creator>
    <StackCount>1</StackCount>
    <Expiration>0</Expiration>
    <SpellCharge_0>0</SpellCharge_0>
    <SpellCharge_1>0</SpellCharge_1>
    <SpellCharge_2>0</SpellCharge_2>
    <SpellCharge_3>0</SpellCharge_3>
    <SpellCharge_4>0</SpellCharge_4>
    <StaticFlags>0</StaticFlags>
    <DynamicFlags>0</DynamicFlags>
    <Enchantment_0.id>0</Enchantment_0.id>
    <Enchantment_0.expiration>0</Enchantment_0.expiration>
    <Enchantment_0.chargesRemaining>0</Enchantment_0.chargesRemaining>
    <Enchantment_1.id>0</Enchantment_1.id>
    <Enchantment_1.expiration>0</Enchantment_1.expiration>
    <Enchantment_1.chargesRemaining>0</Enchantment_1.chargesRemaining>
    <Enchantment_2.id>0</Enchantment_2.id>
    <Enchantment_2.expiration>0</Enchantment_2.expiration>
    <Enchantment_2.chargesRemaining>0</Enchantment_2.chargesRemaining>
    <Enchantment_3.id>0</Enchantment_3.id>
    <Enchantment_3.expiration>0</Enchantment_3.expiration>
    <Enchantment_3.chargesRemaining>0</Enchantment_3.chargesRemaining>
    <Enchantment_4.id>0</Enchantment_4.id>
    <Enchantment_4.expiration>0</Enchantment_4.expiration>
    <Enchantment_4.chargesRemaining>0</Enchantment_4.chargesRemaining>
    <Enchantment_5.id>0</Enchantment_5.id>
    <Enchantment_5.expiration>0</Enchantment_5.expiration>
    <Enchantment_5.chargesRemaining>0</Enchantment_5.chargesRemaining>
    <Enchantment_6.id>0</Enchantment_6.id>
    <Enchantment_6.expiration>0</Enchantment_6.expiration>
    <Enchantment_6.chargesRemaining>0</Enchantment_6.chargesRemaining>
    <PropertySeed>0</PropertySeed>
    <PropertyID>0</PropertyID>
  </Item>
  <Item>
    <Item_ID>135</Item_ID>
    <OwnerID>1</OwnerID>
    <OwnerSlot>16</OwnerSlot>
    <TemplateID>5</TemplateID>
    <Creator>0</Creator>
    <StackCount>1</StackCount>
    <Expiration>0</Expiration>
    <SpellCharge_0>0</SpellCharge_0>
    <SpellCharge_1>0</SpellCharge_1>
    <SpellCharge_2>0</SpellCharge_2>
    <SpellCharge_3>0</SpellCharge_3>
    <SpellCharge_4>0</SpellCharge_4>
    <StaticFlags>0</StaticFlags>
    <DynamicFlags>0</DynamicFlags>
    <Enchantment_0.id>0</Enchantment_0.id>
    <Enchantment_0.expiration>0</Enchantment_0.expiration>
    <Enchantment_0.chargesRemaining>0</Enchantment_0.chargesRemaining>
    <Enchantment_1.id>0</Enchantment_1.id>
    <Enchantment_1.expiration>0</Enchantment_1.expiration>
    <Enchantment_1.chargesRemaining>0</Enchantment_1.chargesRemaining>
    <Enchantment_2.id>0</Enchantment_2.id>
    <Enchantment_2.expiration>0</Enchantment_2.expiration>
    <Enchantment_2.chargesRemaining>0</Enchantment_2.chargesRemaining>
    <Enchantment_3.id>0</Enchantment_3.id>
    <Enchantment_3.expiration>0</Enchantment_3.expiration>
    <Enchantment_3.chargesRemaining>0</Enchantment_3.chargesRemaining>
    <Enchantment_4.id>0</Enchantment_4.id>
    <Enchantment_4.expiration>0</Enchantment_4.expiration>
    <Enchantment_4.chargesRemaining>0</Enchantment_4.chargesRemaining>
    <Enchantment_5.id>0</Enchantment_5.id>
    <Enchantment_5.expiration>0</Enchantment_5.expiration>
    <Enchantment_5.chargesRemaining>0</Enchantment_5.chargesRemaining>
    <Enchantment_6.id>0</Enchantment_6.id>
    <Enchantment_6.expiration>0</Enchantment_6.expiration>
    <Enchantment_6.chargesRemaining>0</Enchantment_6.chargesRemaining>
    <PropertySeed>0</PropertySeed>
    <PropertyID>0</PropertyID>
  </Item>
</Item>