<?xml version="1.0" standalone="yes"?>
<Spawn>
  <Spawn>
    <Spawn_ID>1</Spawn_ID>
    <WorldMapID>1</WorldMapID>
    <Position.X>-90</Position.X>
    <Position.Y>150</Position.Y>
    <Position.Z>60</Position.Z>
    <Facing>0</Facing>
    <CreatureID>508</CreatureID>
  </Spawn>
  <Spawn>
    <Spawn_ID>2</Spawn_ID>
    <WorldMapID>1</WorldMapID>
    <Position.X>-85</Position.X>
    <Position.Y>150</Position.Y>
    <Position.Z>60</Position.Z>
    <Facing>0</Facing>
    <CreatureID>507</CreatureID>
  </Spawn>
  <Spawn>
	<Spawn_ID>10</Spawn_ID>
    <WorldMapID>1</WorldMapID>
    <Position.X>-90</Position.X>
    <Position.Y>155</Position.Y>
    <Position.Z>60</Position.Z>
    <Facing>0</Facing>
    <CreatureID>10</CreatureID>
  </Spawn>
  <Spawn>
	<Spawn_ID>11</Spawn_ID>
    <WorldMapID>1</WorldMapID>
    <Position.X>-95</Position.X>
    <Position.Y>160</Position.Y>
    <Position.Z>60</Position.Z>
    <Facing>0</Facing>
    <CreatureID>11</CreatureID>
  </Spawn>
</Spawn>