﻿<?xml version="1.0" encoding="utf-8" ?>
<root>
  <config>
    <!-- Static data -->

    <add key="configPath" value=".\" />

    <!-- /Static data -->

    <!-- String constants -->

    <add key="greetings"        value="Welcome to WoWps.org World of Warcraft Server" constant="false" />
    <add key="server"           value="Officially supported server" constant="false" />
    <add key="version"          value="RunWoW 0.20.2130a, RunServer platform" constant="false" />
    <add key="online"           value="Players Online: |cf20ff001" constant="false" />
    <add key="noPassword"       value="|cfff20001Your account currently has no password. Use the .password command to create one" constant="false" />
    <add key="additionalInfo"   value="If you get stuck and cannot select yourself, use the .hearthstone or .suicide commands. If you are dead, whisper .suicide to yourself" constant="false" />

    <!--add key="moreInfo"         value="The forums and chat room can be found at http://www.wow.wnet.ua" constant="false"/-->
  <!--add key="moreInfo"         value="|cfffffff1The administrators wish all players a happy New Year!!" constant="false"/-->
  <!--add key="moreInfo"         value="" constant="false"/-->
  <add key="moreInfo"         value="|cfffffff1We are currently accepting donations in order to keep the server running. |cf20ff001http://wowps.org/forum/" constant="false"/>

    <!-- /String constants -->

    <!-- Files and Paths -->

    <add key="statusPath"                 value="Web\"            constant="false" />
    <add key="mapPath"                    value="Maps\"           constant="false" />
    <add key="statusFile"                 value="wow_status_weird_name.html"    constant="false" />
    <add key="statusXMLFile"              value="status.xml"                    constant="false" />
    <add key="statusTxtFile"              value="status.txt"                    constant="false" />
    <add key="threadStatusFile"           value="thread_status_weird_name.html" constant="false" />

    <add key="wdbPath"                    value=".\WDB\"                        constant="false" />
    
    <!-- /Files and Paths -->

    <!-- Ranges -->

    <add key="mobileOffSpawnRange"        value="4.0f"    constant="false" type="Single"/>
    <add key="mobileWakeRange"            value="80.0f"		constant="false" type="Single"/>
    <add key="monsterSightRange"          value="20.0f"   constant="false" type="Single"/>
    <add key="totemSightRange"            value="16.0f"   constant="false" type="Single"/>
    <add key="monsterStealthSightRange"   value="5.0f"    constant="false" type="Single"/>

    <add key="monsterZSightRange"         value="10.0f"   constant="false" type="Single"/>
    <add key="guardZSightRange"           value="10.0f"   constant="false" type="Single"/>

    <add key="guardSightRange"            value="20.0f"   constant="false" type="Single"/>
    <add key="petMaxRange"                value="50.0f"   constant="false" type="Single"/>

    <add key="vendorSightRange"           value="15.0f"   constant="false" type="Single"/>

    <add key="vendorSightMinRange"        value="5.0f"    constant="false" type="Single"/>
		<add key="mobileMaxOffspawnRange"     value="5.0f"    constant="false" type="Single"/>

		<add key="craftRange"                 value="6.0f"    constant="false" type="Single"/>

		<add key="monsterMoveStepRange"       value="2.5f"    constant="false" type="Single"/>
		<add key="rangedMonsterRange"         value="15.0f"   constant="false" type="Single"/>

		<add key="corpseRange"                value="30f"     constant="false" type="Single"/>

		<add key="mobileRoamMinRange"         value="1f"      constant="false" type="Single"/>
		<add key="mobileRoamMaxRange"         value="5f"      constant="false" type="Single"/>
		<add key="fearRunMinRange"            value="10f"     constant="false" type="Single"/>
		<add key="fearRunMaxRange"            value="30f"     constant="false" type="Single"/>

		<add key="expMaximumRange"            value="100f"    constant="false" type="Single"/>

		<add key="fallDamageMinHeightConst"   value="5.0f"    constant="false" type="Single"/>

		<add key="minSpawnRange"              value="20.0f"   constant="false" type="Single"/>
		<add key="minGOSpawnRange"            value="5f"			constant="false" type="Single"/>

		<add key="mobileZShift"               value="0.0f"    constant="false" type="Single"/>

		<!-- /Ranges -->

		<!-- Times -->

		<!-- milliseconds -->

		<add key="mobileStopFollowTime"				value="20"			constant="false" type="Int32"/>
		<add key="mobileStopFollowTimeAgrr"   value="40"			constant="false" type="Int32"/>
		
		<add key="mobileRandomWalkDelay"    value="1000"    constant="false" type="Int32"/>
    <add key="mobileRoamDelay"          value="2000"    constant="false" type="Int32"/>
    <add key="mobileLookDelay"          value="1000"    constant="false" type="Int32"/>
    <add key="mobileSearchDelay"        value="2000"    constant="false" type="Int32"/>
    <add key="mobileAIRecalcLong"       value="1000"     constant="false" type="Int32"/>

    <add key="monsterMoveUpdateTime"    value="1000"     constant="false" type="Int32"/>

    <add key="combatUpdateTime"         value="500"     constant="false" type="Int32"/>
    <add key="chatUpdateTime"           value="1000"    constant="false" type="Int32"/>
    <add key="mapTileUpdateTime"        value="1000"    constant="false" type="Int32"/>
    <add key="auraUpdateInterval"       value="1000"    constant="false" type="Int32"/>
    <add key="playerSaveInterval"       value="180"      constant="false" type="Int32"/>

    <add key="fishingUpdateTime"        value="500"     constant="false" type="Int32"/>
    <add key="fishingStart"             value="2000"    constant="false" type="Int32"/>
    <add key="fishingDelay"             value="1500"    constant="false" type="Int32"/>

    <add key="fallDamageTime"           value="2000"    constant="false" type="Int32"/>
    
    <add key="millisecondsPerRPoint"    value="4320000" constant="false" type="Int32"/>

    <add key="undeadBreathTime"         value="180000"   constant="false" type="Int32"/>
    <add key="underwaterBreathTime"     value="60000"   constant="false" type="Int32"/>

    <add key="spellProcDelay"           value="4000"    constant="false" type="Int32"/>

    <!-- /milliseconds -->

    <!-- seconds -->

    <add key="mobileCorpseDespawnTime"  value="60"      constant="false" type="Int32"/>
    <add key="playerCorpseDespawnTime"  value="120"     constant="false" type="Int32"/>

    <add key="mobileRespawnTime"        value="120"     constant="false" type="Int32"/>

    <add key="goDespawnTime"            value="30"      constant="false" type="Int32"/>
    <add key="goRespawnTime"            value="120"     constant="false" type="Int32"/>
    <add key="goRespawnTimeLong"        value="3600"    constant="false" type="Int32"/>

    <!-- /seconds -->

    <!-- /Times -->

    <!-- Damage and regen -->

    <add key="monsterRegen"               value="0.02f"   constant="false" type="Single"/>
    <add key="petRegen"                   value="0.003f"  constant="false" type="Single"/>

    <add key="fallDamageConst"            value="0.04f"   constant="false" type="Single"/>

    <add key="underwaterBreathDamage"     value="0.20f"   constant="false" type="Single"/>

    <!-- /Damage and regen -->


    <!-- Misc -->

    <add key="BurningCrusade"              value="true"     constant="false" type="Boolean"/>

    <add key="maximumRPoints"             value="200"     constant="false" type="Int32"/>
    <add key="maximumObjectsPerPacket"    value="1000"    constant="false" type="Int32"/>

    <add key="minAccessLevel"             value="2"       constant="false" type="Int32"/>
    <add key="maximumLoot"                value="8"       constant="false" type="Int32"/>
    <add key="maximumLevel"               value="70"       constant="false" type="Int32"/>
    <add key="maxVendorItems"             value="40"      constant="false" type="Int32"/>

    <add key="pricePerSpell"              value="100"     constant="false" type="Int32"/>

    <add key="debuffLevelShift"           value="10"      constant="false" type="Int32"/>

    <add key="monsterFriendlyLevel"       value="5"       constant="false" type="Int32"/>

    <add key="maximumOnline"              value="1000"     constant="false" type="Int32"/>
    
    <add key="noQueueGuild1"              value="0"     constant="false" type="Int32"/>
    <add key="noQueueGuild2"              value="0"     constant="false" type="Int32"/>
    <add key="noQueueGuild3"              value="128"     constant="false" type="Int32"/>
		<add key="noQueueIP"									value="193.151.107.5"     constant="false" type="String"/>

		<add key="druidQuestFix"              value="false"     constant="false" type="Boolean"/>

    <add key="externalIndexes"            value="false"    constant="false" type="Boolean"/>
    <add key="noInnerCache"               value="false"    constant="false" type="Boolean"/>
    <add key="forceFlushUpdates"           value="false"    constant="false" type="Boolean"/>
    
    <add key="autoFixTrainers"            value="true"    constant="false" type="Boolean"/>

    <add key="lootLevelFilter"            value="8"     constant="false" type="Int32"/>
    
    <add key="worldLootGroupID"           value="50000"     constant="false" type="Int32"/>

    <add key="worldLootDivider"           value="2f"     constant="false" type="Single"/>
    
    <add key="useRepeatingUpdater"        value="false"    constant="false" type="Boolean"/>

    <!-- /Misc -->

    <!-- IRC Chat -->

    <add key="chatServer"                 value="127.0.0.1" constant="false"/>
    <add key="chatPort"                   value="6667"    constant="false"/>

    <!-- /IRC Chat-->

  </config>
  <config include="dbconfig.xml">
  </config>
</root>